,conflict_id,location,incompatibility,year,intensity_level,type_of_conflict,region
0,200,Bolivia,2,1946,2,3,5
1,200,Bolivia,2,1949,1,3,5
2,200,Bolivia,2,1952,1,3,5
3,200,Bolivia,2,1967,1,3,5
4,201,Cambodia (Kampuchea),1,1946,1,1,3
5,201,Cambodia (Kampuchea),1,1947,1,1,3
6,201,Cambodia (Kampuchea),1,1948,1,1,3
7,201,Cambodia (Kampuchea),1,1949,1,1,3
8,201,Cambodia (Kampuchea),1,1950,1,1,3
9,201,Cambodia (Kampuchea),1,1951,1,1,3
10,201,Cambodia (Kampuchea),1,1952,1,1,3
11,201,Cambodia (Kampuchea),1,1953,1,1,3
12,202,China,2,1946,2,3,3
13,202,China,2,1947,2,3,3
14,202,China,2,1948,2,3,3
15,202,China,2,1949,2,3,3
16,203,Greece,2,1946,2,3,1
17,203,Greece,2,1947,2,3,1
18,203,Greece,2,1948,2,3,1
19,203,Greece,2,1949,2,3,1
20,204,Indonesia,1,1946,1,1,3
21,204,Indonesia,1,1947,1,1,3
22,204,Indonesia,1,1948,1,1,3
23,204,Indonesia,1,1949,1,1,3
24,205,Iran,1,1946,1,4,2
25,205,Iran,1,1966,1,3,2
26,205,Iran,1,1967,1,3,2
27,205,Iran,1,1968,1,3,2
28,205,Iran,1,1979,2,3,2
29,205,Iran,1,1980,2,3,2
30,205,Iran,1,1981,1,3,2
31,205,Iran,1,1982,2,3,2
32,205,Iran,1,1983,1,3,2
33,205,Iran,1,1984,1,3,2
34,205,Iran,1,1985,1,3,2
35,205,Iran,1,1986,1,3,2
36,205,Iran,1,1987,1,3,2
37,205,Iran,1,1988,1,3,2
38,205,Iran,1,1990,1,3,2
39,205,Iran,1,1993,1,3,2
40,205,Iran,1,1996,1,3,2
41,205,Iran,1,2016,1,3,2
42,205,Iran,1,2018,1,3,2
43,206,Iran,1,1946,1,4,2
44,207,Israel,1,1946,1,1,2
45,208,Laos,1,1946,1,1,3
46,208,Laos,1,1947,1,1,3
47,208,Laos,1,1948,1,1,3
48,208,Laos,1,1949,1,1,3
49,208,Laos,1,1950,1,1,3
50,208,Laos,1,1951,1,1,3
51,208,Laos,1,1952,1,1,3
52,208,Laos,1,1953,1,1,3
53,209,Philippines,2,1946,2,3,3
54,209,Philippines,2,1947,2,3,3
55,209,Philippines,2,1948,2,3,3
56,209,Philippines,2,1949,2,3,3
57,209,Philippines,2,1950,2,3,3
58,209,Philippines,2,1951,2,3,3
59,209,Philippines,2,1952,2,3,3
60,209,Philippines,2,1953,2,3,3
61,209,Philippines,2,1954,2,3,3
62,209,Philippines,2,1969,1,3,3
63,209,Philippines,2,1970,1,3,3
64,209,Philippines,2,1971,1,3,3
65,209,Philippines,2,1972,1,3,3
66,209,Philippines,2,1973,1,3,3
67,209,Philippines,2,1974,1,3,3
68,209,Philippines,2,1975,1,3,3
69,209,Philippines,2,1976,1,3,3
70,209,Philippines,2,1977,1,3,3
71,209,Philippines,2,1978,1,3,3
72,209,Philippines,2,1979,1,3,3
73,209,Philippines,2,1980,1,3,3
74,209,Philippines,2,1981,1,3,3
75,209,Philippines,2,1982,2,3,3
76,209,Philippines,2,1983,2,3,3
77,209,Philippines,2,1984,2,3,3
78,209,Philippines,2,1985,2,3,3
79,209,Philippines,2,1986,2,3,3
80,209,Philippines,2,1987,2,3,3
81,209,Philippines,2,1988,1,3,3
82,209,Philippines,2,1989,1,3,3
83,209,Philippines,2,1990,2,3,3
84,209,Philippines,2,1991,2,3,3
85,209,Philippines,2,1992,1,3,3
86,209,Philippines,2,1993,1,3,3
87,209,Philippines,2,1994,1,3,3
88,209,Philippines,2,1995,1,3,3
89,209,Philippines,2,1997,1,3,3
90,209,Philippines,2,1999,1,3,3
91,209,Philippines,2,2000,1,3,3
92,209,Philippines,2,2001,1,3,3
93,209,Philippines,2,2002,1,3,3
94,209,Philippines,2,2003,1,3,3
95,209,Philippines,2,2004,1,3,3
96,209,Philippines,2,2005,1,3,3
97,209,Philippines,2,2006,1,3,3
98,209,Philippines,2,2007,1,3,3
99,209,Philippines,2,2008,1,3,3
100,209,Philippines,2,2009,1,3,3
101,209,Philippines,2,2010,1,3,3
102,209,Philippines,2,2011,1,3,3
103,209,Philippines,2,2012,1,3,3
104,209,Philippines,2,2013,1,3,3
105,209,Philippines,2,2014,1,3,3
106,209,Philippines,2,2015,1,3,3
107,209,Philippines,2,2016,1,3,3
108,209,Philippines,2,2017,1,3,3
109,209,Philippines,2,2018,1,3,3
110,209,Philippines,2,2019,1,3,3
111,209,Philippines,2,2020,1,3,3
112,209,Philippines,2,2021,1,3,3
113,209,Philippines,2,2022,1,3,3
114,209,Philippines,2,2023,1,3,3
115,210,Russia (Soviet Union),1,1946,1,3,1
116,210,Russia (Soviet Union),1,1947,1,3,1
117,210,Russia (Soviet Union),1,1948,1,3,1
118,211,Russia (Soviet Union),1,1946,1,3,1
119,212,Russia (Soviet Union),1,1946,2,3,1
120,212,Russia (Soviet Union),1,1947,2,3,1
121,212,Russia (Soviet Union),1,1948,1,3,1
122,213,Russia (Soviet Union),1,1946,2,3,1
123,213,Russia (Soviet Union),1,1947,2,3,1
124,213,Russia (Soviet Union),1,1948,2,3,1
125,213,Russia (Soviet Union),1,1949,1,3,1
126,213,Russia (Soviet Union),1,1950,1,3,1
127,214,"France, Thailand",1,1946,1,2,"1, 3"
128,215,"Albania, United Kingdom",1,1946,1,2,1
129,216,Vietnam (North Vietnam),1,1946,2,1,3
130,216,Vietnam (North Vietnam),1,1947,2,1,3
131,216,Vietnam (North Vietnam),1,1948,2,1,3
132,216,Vietnam (North Vietnam),1,1949,2,1,3
133,216,Vietnam (North Vietnam),1,1950,2,1,3
134,216,Vietnam (North Vietnam),1,1951,2,1,3
135,216,Vietnam (North Vietnam),1,1952,2,1,3
136,216,Vietnam (North Vietnam),1,1953,2,1,3
137,216,Vietnam (North Vietnam),1,1954,2,1,3
138,217,China,1,1947,2,3,3
139,218,"India, Pakistan",1,1948,2,2,3
140,218,"India, Pakistan",1,1964,1,2,3
141,218,"India, Pakistan",1,1965,2,2,3
142,218,"India, Pakistan",1,1971,2,2,3
143,218,"India, Pakistan",1,1984,1,2,3
144,218,"India, Pakistan",1,1987,1,2,3
145,218,"India, Pakistan",1,1989,1,2,3
146,218,"India, Pakistan",1,1990,1,2,3
147,218,"India, Pakistan",1,1991,1,2,3
148,218,"India, Pakistan",1,1992,1,2,3
149,218,"India, Pakistan",1,1994,1,2,3
150,218,"India, Pakistan",1,1996,1,2,3
151,218,"India, Pakistan",1,1997,1,2,3
152,218,"India, Pakistan",1,1998,1,2,3
153,218,"India, Pakistan",1,1999,1,2,3
154,218,"India, Pakistan",1,2000,1,2,3
155,218,"India, Pakistan",1,2001,1,2,3
156,218,"India, Pakistan",1,2002,1,2,3
157,218,"India, Pakistan",1,2003,1,2,3
158,218,"India, Pakistan",1,2013,1,2,3
159,218,"India, Pakistan",1,2014,1,2,3
160,218,"India, Pakistan",1,2015,1,2,3
161,218,"India, Pakistan",1,2016,1,2,3
162,218,"India, Pakistan",1,2017,1,2,3
163,218,"India, Pakistan",1,2018,1,2,3
164,218,"India, Pakistan",1,2019,1,2,3
165,218,"India, Pakistan",1,2020,1,2,3
166,219,Madagascar (Malagasy),1,1947,2,1,4
167,220,Paraguay,2,1947,2,3,5
168,220,Paraguay,2,1954,1,3,5
169,220,Paraguay,2,1989,1,3,5
170,221,Myanmar (Burma),1,1949,2,3,3
171,221,Myanmar (Burma),1,1950,2,3,3
172,221,Myanmar (Burma),1,1951,1,3,3
173,221,Myanmar (Burma),1,1952,1,3,3
174,221,Myanmar (Burma),1,1953,1,3,3
175,221,Myanmar (Burma),1,1954,1,3,3
176,221,Myanmar (Burma),1,1955,2,3,3
177,221,Myanmar (Burma),1,1956,1,3,3
178,221,Myanmar (Burma),1,1957,1,3,3
179,221,Myanmar (Burma),1,1958,1,3,3
180,221,Myanmar (Burma),1,1959,1,3,3
181,221,Myanmar (Burma),1,1960,1,3,3
182,221,Myanmar (Burma),1,1961,1,3,3
183,221,Myanmar (Burma),1,1962,1,3,3
184,221,Myanmar (Burma),1,1963,1,3,3
185,221,Myanmar (Burma),1,1964,1,3,3
186,221,Myanmar (Burma),1,1965,1,3,3
187,221,Myanmar (Burma),1,1966,1,3,3
188,221,Myanmar (Burma),1,1967,1,3,3
189,221,Myanmar (Burma),1,1968,1,3,3
190,221,Myanmar (Burma),1,1969,1,3,3
191,221,Myanmar (Burma),1,1970,1,3,3
192,221,Myanmar (Burma),1,1971,2,3,3
193,221,Myanmar (Burma),1,1972,1,3,3
194,221,Myanmar (Burma),1,1973,1,3,3
195,221,Myanmar (Burma),1,1974,1,3,3
196,221,Myanmar (Burma),1,1975,1,3,3
197,221,Myanmar (Burma),1,1976,1,3,3
198,221,Myanmar (Burma),1,1977,1,3,3
199,221,Myanmar (Burma),1,1978,1,3,3
200,221,Myanmar (Burma),1,1979,1,3,3
201,221,Myanmar (Burma),1,1980,1,3,3
202,221,Myanmar (Burma),1,1981,1,3,3
203,221,Myanmar (Burma),1,1982,1,3,3
204,221,Myanmar (Burma),1,1983,2,3,3
205,221,Myanmar (Burma),1,1984,2,3,3
206,221,Myanmar (Burma),1,1985,1,3,3
207,221,Myanmar (Burma),1,1986,1,3,3
208,221,Myanmar (Burma),1,1987,1,3,3
209,221,Myanmar (Burma),1,1988,1,3,3
210,221,Myanmar (Burma),1,1989,2,3,3
211,221,Myanmar (Burma),1,1990,1,3,3
212,221,Myanmar (Burma),1,1991,1,3,3
213,221,Myanmar (Burma),1,1992,2,3,3
214,221,Myanmar (Burma),1,1994,1,3,3
215,221,Myanmar (Burma),1,1995,1,3,3
216,221,Myanmar (Burma),1,1997,1,3,3
217,221,Myanmar (Burma),1,1998,1,3,3
218,221,Myanmar (Burma),1,2000,1,3,3
219,221,Myanmar (Burma),1,2001,1,3,3
220,221,Myanmar (Burma),1,2002,1,3,3
221,221,Myanmar (Burma),1,2003,1,3,3
222,221,Myanmar (Burma),1,2004,1,3,3
223,221,Myanmar (Burma),1,2005,1,3,3
224,221,Myanmar (Burma),1,2006,1,3,3
225,221,Myanmar (Burma),1,2007,1,3,3
226,221,Myanmar (Burma),1,2008,1,3,3
227,221,Myanmar (Burma),1,2009,1,3,3
228,221,Myanmar (Burma),1,2010,1,3,3
229,221,Myanmar (Burma),1,2011,1,3,3
230,221,Myanmar (Burma),1,2013,1,3,3
231,221,Myanmar (Burma),1,2021,1,3,3
232,221,Myanmar (Burma),1,2022,1,3,3
233,221,Myanmar (Burma),1,2023,1,3,3
234,222,Myanmar (Burma),2,1948,2,3,3
235,222,Myanmar (Burma),2,1949,2,3,3
236,222,Myanmar (Burma),2,1950,2,3,3
237,222,Myanmar (Burma),2,1951,2,3,3
238,222,Myanmar (Burma),2,1952,2,3,3
239,222,Myanmar (Burma),2,1953,2,3,3
240,222,Myanmar (Burma),2,1954,1,3,3
241,222,Myanmar (Burma),2,1955,1,3,3
242,222,Myanmar (Burma),2,1956,1,3,3
243,222,Myanmar (Burma),2,1957,1,3,3
244,222,Myanmar (Burma),2,1958,1,3,3
245,222,Myanmar (Burma),2,1959,1,3,3
246,222,Myanmar (Burma),2,1960,1,3,3
247,222,Myanmar (Burma),2,1961,1,3,3
248,222,Myanmar (Burma),2,1962,1,3,3
249,222,Myanmar (Burma),2,1963,1,3,3
250,222,Myanmar (Burma),2,1964,1,3,3
251,222,Myanmar (Burma),2,1965,1,3,3
252,222,Myanmar (Burma),2,1966,1,3,3
253,222,Myanmar (Burma),2,1967,1,3,3
254,222,Myanmar (Burma),2,1968,2,3,3
255,222,Myanmar (Burma),2,1969,2,3,3
256,222,Myanmar (Burma),2,1970,2,3,3
257,222,Myanmar (Burma),2,1971,2,3,3
258,222,Myanmar (Burma),2,1972,2,3,3
259,222,Myanmar (Burma),2,1973,2,3,3
260,222,Myanmar (Burma),2,1974,2,3,3
261,222,Myanmar (Burma),2,1975,2,3,3
262,222,Myanmar (Burma),2,1976,2,3,3
263,222,Myanmar (Burma),2,1977,2,3,3
264,222,Myanmar (Burma),2,1978,2,3,3
265,222,Myanmar (Burma),2,1979,2,3,3
266,222,Myanmar (Burma),2,1980,2,3,3
267,222,Myanmar (Burma),2,1981,1,3,3
268,222,Myanmar (Burma),2,1982,2,3,3
269,222,Myanmar (Burma),2,1983,1,3,3
270,222,Myanmar (Burma),2,1984,1,3,3
271,222,Myanmar (Burma),2,1985,1,3,3
272,222,Myanmar (Burma),2,1986,2,3,3
273,222,Myanmar (Burma),2,1987,1,3,3
274,222,Myanmar (Burma),2,1988,2,3,3
275,222,Myanmar (Burma),2,1990,1,3,3
276,222,Myanmar (Burma),2,1991,1,3,3
277,222,Myanmar (Burma),2,1992,1,3,3
278,222,Myanmar (Burma),2,1994,1,3,3
279,222,Myanmar (Burma),2,2013,1,3,3
280,222,Myanmar (Burma),2,2014,1,3,3
281,222,Myanmar (Burma),2,2015,1,3,3
282,222,Myanmar (Burma),2,2017,1,3,3
283,222,Myanmar (Burma),2,2018,1,3,3
284,222,Myanmar (Burma),2,2019,1,3,3
285,222,Myanmar (Burma),2,2021,1,3,3
286,222,Myanmar (Burma),2,2022,2,3,3
287,222,Myanmar (Burma),2,2023,2,3,3
288,223,Myanmar (Burma),1,1948,1,3,3
289,223,Myanmar (Burma),1,1949,1,3,3
290,223,Myanmar (Burma),1,1950,1,3,3
291,223,Myanmar (Burma),1,1951,1,3,3
292,223,Myanmar (Burma),1,1952,1,3,3
293,223,Myanmar (Burma),1,1953,1,3,3
294,223,Myanmar (Burma),1,1954,1,3,3
295,223,Myanmar (Burma),1,1955,1,3,3
296,223,Myanmar (Burma),1,1956,1,3,3
297,223,Myanmar (Burma),1,1957,1,3,3
298,223,Myanmar (Burma),1,1958,1,3,3
299,223,Myanmar (Burma),1,1959,1,3,3
300,223,Myanmar (Burma),1,1960,1,3,3
301,223,Myanmar (Burma),1,1961,1,3,3
302,223,Myanmar (Burma),1,1964,1,3,3
303,223,Myanmar (Burma),1,1965,1,3,3
304,223,Myanmar (Burma),1,1966,1,3,3
305,223,Myanmar (Burma),1,1967,1,3,3
306,223,Myanmar (Burma),1,1968,1,3,3
307,223,Myanmar (Burma),1,1969,1,3,3
308,223,Myanmar (Burma),1,1970,1,3,3
309,223,Myanmar (Burma),1,1971,1,3,3
310,223,Myanmar (Burma),1,1972,1,3,3
311,223,Myanmar (Burma),1,1973,1,3,3
312,223,Myanmar (Burma),1,1974,1,3,3
313,223,Myanmar (Burma),1,1975,1,3,3
314,223,Myanmar (Burma),1,1976,1,3,3
315,223,Myanmar (Burma),1,1977,1,3,3
316,223,Myanmar (Burma),1,1978,1,3,3
317,223,Myanmar (Burma),1,1991,1,3,3
318,223,Myanmar (Burma),1,1994,1,3,3
319,223,Myanmar (Burma),1,2016,1,3,3
320,223,Myanmar (Burma),1,2017,1,3,3
321,223,Myanmar (Burma),1,2018,1,3,3
322,223,Myanmar (Burma),1,2019,1,3,3
323,223,Myanmar (Burma),1,2020,1,3,3
324,223,Myanmar (Burma),1,2022,1,3,3
325,223,Myanmar (Burma),1,2023,1,3,3
326,224,Myanmar (Burma),1,1949,1,3,3
327,224,Myanmar (Burma),1,1950,1,3,3
328,224,Myanmar (Burma),1,1951,1,3,3
329,224,Myanmar (Burma),1,1952,1,3,3
330,224,Myanmar (Burma),1,1953,1,3,3
331,224,Myanmar (Burma),1,1954,1,3,3
332,224,Myanmar (Burma),1,1955,1,3,3
333,224,Myanmar (Burma),1,1956,1,3,3
334,224,Myanmar (Burma),1,1957,1,3,3
335,224,Myanmar (Burma),1,1958,1,3,3
336,224,Myanmar (Burma),1,1959,1,3,3
337,224,Myanmar (Burma),1,1960,1,3,3
338,224,Myanmar (Burma),1,1961,1,3,3
339,224,Myanmar (Burma),1,1962,1,3,3
340,224,Myanmar (Burma),1,1963,1,3,3
341,224,Myanmar (Burma),1,1990,1,3,3
342,224,Myanmar (Burma),1,1996,1,3,3
343,225,Costa Rica,2,1948,2,3,5
344,226,"Hyderabad, India",1,1948,2,2,3
345,227,India,2,1948,2,3,3
346,227,India,2,1949,2,3,3
347,227,India,2,1950,2,3,3
348,227,India,2,1951,2,3,3
349,227,India,2,1969,1,3,3
350,227,India,2,1970,1,3,3
351,227,India,2,1971,1,3,3
352,227,India,2,1991,1,3,3
353,227,India,2,1992,1,3,3
354,227,India,2,1993,1,3,3
355,227,India,2,1994,1,3,3
356,227,India,2,1996,1,3,3
357,227,India,2,1997,1,3,3
358,227,India,2,1998,1,3,3
359,227,India,2,1999,1,3,3
360,227,India,2,2000,1,3,3
361,227,India,2,2001,1,3,3
362,227,India,2,2002,1,3,3
363,227,India,2,2003,1,3,3
364,227,India,2,2004,1,3,3
365,227,India,2,2005,1,3,3
366,227,India,2,2006,1,3,3
367,227,India,2,2007,1,3,3
368,227,India,2,2008,1,3,3
369,227,India,2,2009,1,3,3
370,227,India,2,2010,1,3,3
371,227,India,2,2011,1,3,3
372,227,India,2,2012,1,3,3
373,227,India,2,2013,1,3,3
374,227,India,2,2014,1,3,3
375,227,India,2,2015,1,3,3
376,227,India,2,2016,1,3,3
377,227,India,2,2017,1,3,3
378,227,India,2,2018,1,3,3
379,227,India,2,2019,1,3,3
380,227,India,2,2020,1,3,3
381,227,India,2,2021,1,3,3
382,227,India,2,2022,1,3,3
383,227,India,2,2023,1,3,3
384,228,"Egypt, Iraq, Israel, Jordan, Lebanon, Syria",1,1948,2,2,2
385,228,"Egypt, Iraq, Israel, Jordan, Lebanon, Syria",1,1949,1,2,2
386,229,Malaysia,1,1948,1,1,3
387,229,Malaysia,1,1949,1,1,3
388,229,Malaysia,1,1950,2,1,3
389,229,Malaysia,1,1951,2,1,3
390,229,Malaysia,1,1952,2,1,3
391,229,Malaysia,1,1953,2,1,3
392,229,Malaysia,1,1954,1,1,3
393,229,Malaysia,1,1955,1,1,3
394,229,Malaysia,1,1956,1,1,3
395,229,Malaysia,1,1957,1,1,3
396,230,Yemen (North Yemen),2,1948,2,3,2
397,230,Yemen (North Yemen),2,1962,2,4,2
398,230,Yemen (North Yemen),2,1963,2,4,2
399,230,Yemen (North Yemen),2,1964,2,4,2
400,230,Yemen (North Yemen),2,1965,1,4,2
401,230,Yemen (North Yemen),2,1966,2,4,2
402,230,Yemen (North Yemen),2,1967,2,4,2
403,230,Yemen (North Yemen),2,1968,1,4,2
404,230,Yemen (North Yemen),2,1969,1,4,2
405,230,Yemen (North Yemen),2,1970,1,4,2
406,230,Yemen (North Yemen),2,1979,1,3,2
407,230,Yemen (North Yemen),2,1980,1,3,2
408,230,Yemen (North Yemen),2,1981,1,3,2
409,230,Yemen (North Yemen),2,1982,1,3,2
410,230,Yemen (North Yemen),2,2009,1,4,2
411,230,Yemen (North Yemen),2,2010,1,4,2
412,230,Yemen (North Yemen),2,2011,2,4,2
413,230,Yemen (North Yemen),2,2012,2,4,2
414,230,Yemen (North Yemen),2,2013,1,4,2
415,230,Yemen (North Yemen),2,2014,2,4,2
416,230,Yemen (North Yemen),2,2015,2,4,2
417,230,Yemen (North Yemen),2,2016,2,4,2
418,230,Yemen (North Yemen),2,2017,2,4,2
419,230,Yemen (North Yemen),2,2018,2,4,2
420,230,Yemen (North Yemen),2,2019,2,4,2
421,230,Yemen (North Yemen),2,2020,2,4,2
422,230,Yemen (North Yemen),2,2021,2,4,2
423,230,Yemen (North Yemen),2,2022,2,4,2
424,231,Myanmar (Burma),1,1949,1,3,3
425,231,Myanmar (Burma),1,1950,1,3,3
426,231,Myanmar (Burma),1,1961,2,3,3
427,231,Myanmar (Burma),1,1962,2,3,3
428,231,Myanmar (Burma),1,1963,2,3,3
429,230,Yemen (North Yemen),2,2023,1,4,2
430,231,Myanmar (Burma),1,1964,2,3,3
431,231,Myanmar (Burma),1,1965,2,3,3
432,231,Myanmar (Burma),1,1966,2,3,3
433,231,Myanmar (Burma),1,1967,2,3,3
434,231,Myanmar (Burma),1,1968,2,3,3
435,231,Myanmar (Burma),1,1969,2,3,3
436,231,Myanmar (Burma),1,1970,2,3,3
437,231,Myanmar (Burma),1,1971,2,3,3
438,231,Myanmar (Burma),1,1972,1,3,3
439,231,Myanmar (Burma),1,1973,1,3,3
440,231,Myanmar (Burma),1,1974,1,3,3
441,231,Myanmar (Burma),1,1975,1,3,3
442,231,Myanmar (Burma),1,1976,1,3,3
443,231,Myanmar (Burma),1,1977,1,3,3
444,231,Myanmar (Burma),1,1978,1,3,3
445,231,Myanmar (Burma),1,1979,1,3,3
446,231,Myanmar (Burma),1,1980,1,3,3
447,231,Myanmar (Burma),1,1981,1,3,3
448,231,Myanmar (Burma),1,1982,1,3,3
449,231,Myanmar (Burma),1,1983,1,3,3
450,231,Myanmar (Burma),1,1984,2,3,3
451,231,Myanmar (Burma),1,1985,1,3,3
452,231,Myanmar (Burma),1,1986,1,3,3
453,231,Myanmar (Burma),1,1987,1,3,3
454,231,Myanmar (Burma),1,1988,1,3,3
455,231,Myanmar (Burma),1,1989,1,3,3
456,231,Myanmar (Burma),1,1990,1,3,3
457,231,Myanmar (Burma),1,1991,1,3,3
458,231,Myanmar (Burma),1,1992,1,3,3
459,231,Myanmar (Burma),1,2011,1,3,3
460,231,Myanmar (Burma),1,2012,1,3,3
461,231,Myanmar (Burma),1,2013,1,3,3
462,231,Myanmar (Burma),1,2014,1,3,3
463,231,Myanmar (Burma),1,2015,1,3,3
464,231,Myanmar (Burma),1,2016,1,3,3
465,231,Myanmar (Burma),1,2017,1,3,3
466,231,Myanmar (Burma),1,2018,1,3,3
467,231,Myanmar (Burma),1,2019,1,3,3
468,231,Myanmar (Burma),1,2021,1,3,3
469,231,Myanmar (Burma),1,2022,1,3,3
470,231,Myanmar (Burma),1,2023,1,3,3
471,232,"China, Taiwan",3,1949,2,2,3
472,232,"China, Taiwan",3,1950,1,2,3
473,232,"China, Taiwan",3,1954,2,2,3
474,232,"China, Taiwan",3,1958,2,2,3
475,233,Guatemala,2,1949,1,3,5
476,233,Guatemala,2,1954,1,3,5
477,233,Guatemala,2,1963,1,3,5
478,233,Guatemala,2,1965,1,3,5
479,233,Guatemala,2,1966,1,3,5
480,233,Guatemala,2,1967,1,3,5
481,233,Guatemala,2,1968,1,3,5
482,233,Guatemala,2,1969,1,3,5
483,233,Guatemala,2,1970,1,3,5
484,233,Guatemala,2,1971,1,3,5
485,233,Guatemala,2,1972,1,3,5
486,233,Guatemala,2,1973,1,3,5
487,233,Guatemala,2,1974,1,3,5
488,233,Guatemala,2,1975,1,3,5
489,233,Guatemala,2,1976,1,3,5
490,233,Guatemala,2,1977,1,3,5
491,233,Guatemala,2,1978,1,3,5
492,233,Guatemala,2,1979,1,3,5
493,233,Guatemala,2,1980,1,3,5
494,233,Guatemala,2,1981,1,3,5
495,233,Guatemala,2,1982,1,3,5
496,233,Guatemala,2,1983,1,3,5
497,233,Guatemala,2,1984,1,3,5
498,233,Guatemala,2,1985,1,3,5
499,233,Guatemala,2,1986,1,3,5
500,233,Guatemala,2,1987,1,3,5
501,233,Guatemala,2,1988,1,3,5
502,233,Guatemala,2,1989,1,3,5
503,233,Guatemala,2,1990,1,3,5
504,233,Guatemala,2,1991,1,3,5
505,233,Guatemala,2,1992,1,3,5
506,233,Guatemala,2,1993,1,3,5
507,233,Guatemala,2,1994,1,3,5
508,233,Guatemala,2,1995,1,3,5
509,234,Israel,1,1949,1,3,2
510,234,Israel,1,1950,1,3,2
511,234,Israel,1,1951,1,3,2
512,234,Israel,1,1952,1,3,2
513,234,Israel,1,1953,1,3,2
514,234,Israel,1,1954,1,3,2
515,234,Israel,1,1955,1,3,2
516,234,Israel,1,1956,1,3,2
517,234,Israel,1,1957,1,3,2
518,234,Israel,1,1958,1,3,2
519,234,Israel,1,1959,1,3,2
520,234,Israel,1,1960,1,3,2
521,234,Israel,1,1961,1,3,2
522,234,Israel,1,1962,1,3,2
523,234,Israel,1,1963,1,3,2
524,234,Israel,1,1964,1,3,2
525,234,Israel,1,1965,1,3,2
526,234,Israel,1,1966,1,3,2
527,234,Israel,1,1967,1,3,2
528,234,Israel,1,1968,1,3,2
529,234,Israel,1,1969,1,3,2
530,234,Israel,1,1970,1,3,2
531,234,Israel,1,1971,1,3,2
532,234,Israel,1,1972,1,3,2
533,234,Israel,1,1973,1,3,2
534,234,Israel,1,1974,1,3,2
535,234,Israel,1,1975,1,3,2
536,234,Israel,1,1976,1,3,2
537,234,Israel,1,1977,1,3,2
538,234,Israel,1,1978,1,3,2
539,234,Israel,1,1979,1,3,2
540,234,Israel,1,1980,1,3,2
541,234,Israel,1,1981,1,3,2
542,234,Israel,1,1982,2,4,2
543,234,Israel,1,1983,1,3,2
544,234,Israel,1,1984,1,3,2
545,234,Israel,1,1985,1,3,2
546,234,Israel,1,1986,1,3,2
547,234,Israel,1,1987,1,3,2
548,234,Israel,1,1988,1,3,2
549,234,Israel,1,1989,1,3,2
550,234,Israel,1,1990,1,3,2
551,234,Israel,1,1991,1,3,2
552,234,Israel,1,1992,1,3,2
553,234,Israel,1,1993,1,3,2
554,234,Israel,1,1994,1,3,2
555,234,Israel,1,1995,1,3,2
556,234,Israel,1,1996,1,3,2
557,234,Israel,1,2000,1,3,2
558,234,Israel,1,2001,1,3,2
559,234,Israel,1,2002,1,3,2
560,234,Israel,1,2003,1,3,2
561,234,Israel,1,2004,1,3,2
562,234,Israel,1,2005,1,3,2
563,234,Israel,1,2006,1,3,2
564,234,Israel,1,2007,1,3,2
565,234,Israel,1,2008,1,3,2
566,234,Israel,1,2009,1,3,2
567,234,Israel,1,2010,1,3,2
568,234,Israel,1,2011,1,3,2
569,234,Israel,1,2012,1,3,2
570,234,Israel,1,2014,2,3,2
571,234,Israel,1,2018,1,3,2
572,234,Israel,1,2019,1,3,2
573,234,Israel,1,2021,1,3,2
574,234,Israel,1,2022,1,3,2
575,234,Israel,1,2023,2,3,2
576,235,"North Korea, South Korea",1,1949,1,2,3
577,235,"North Korea, South Korea",1,1950,2,2,3
578,235,"North Korea, South Korea",1,1951,2,2,3
579,235,"North Korea, South Korea",1,1952,2,2,3
580,236,China,1,1950,1,3,3
581,236,China,1,1956,2,3,3
582,236,China,1,1959,2,3,3
583,237,Indonesia,1,1950,2,3,3
584,235,"North Korea, South Korea",1,1953,2,2,3
585,238,United States of America,1,1950,1,1,5
586,239,"Egypt, United Kingdom",1,1951,1,2,"1, 2"
587,239,"Egypt, United Kingdom",1,1952,1,2,"1, 2"
588,240,Thailand,2,1951,1,3,3
589,240,Thailand,2,1974,1,3,3
590,240,Thailand,2,1975,1,3,3
591,240,Thailand,2,1976,1,3,3
592,240,Thailand,2,1977,1,3,3
593,240,Thailand,2,1978,1,3,3
594,240,Thailand,2,1979,1,3,3
595,240,Thailand,2,1980,1,3,3
596,240,Thailand,2,1981,1,3,3
597,240,Thailand,2,1982,1,3,3
598,241,Kenya,1,1952,1,1,4
599,241,Kenya,1,1953,2,1,4
600,241,Kenya,1,1954,2,1,4
601,241,Kenya,1,1955,2,1,4
602,241,Kenya,1,1956,2,1,4
603,242,Cuba,2,1953,1,3,5
604,242,Cuba,2,1956,1,3,5
605,242,Cuba,2,1957,1,3,5
606,242,Cuba,2,1958,2,3,5
607,242,Cuba,2,1961,1,4,5
608,243,Indonesia,2,1953,2,3,3
609,243,Indonesia,2,1958,2,3,3
610,243,Indonesia,2,1959,2,3,3
611,243,Indonesia,2,1960,1,3,3
612,243,Indonesia,2,1961,2,3,3
613,244,Morocco,1,1953,1,1,4
614,244,Morocco,1,1954,1,1,4
615,244,Morocco,1,1955,1,1,4
616,244,Morocco,1,1956,1,1,4
617,245,Tunisia,1,1953,1,1,4
618,245,Tunisia,1,1954,1,1,4
619,245,Tunisia,1,1955,1,1,4
620,245,Tunisia,1,1956,1,1,4
621,246,Algeria,1,1954,1,1,4
622,246,Algeria,1,1955,2,1,4
623,246,Algeria,1,1956,2,1,4
624,246,Algeria,1,1957,2,1,4
625,246,Algeria,1,1958,2,1,4
626,246,Algeria,1,1959,2,1,4
627,246,Algeria,1,1960,2,1,4
628,246,Algeria,1,1961,2,1,4
629,246,Algeria,1,1962,1,1,4
630,247,Argentina,2,1955,1,3,5
631,247,Argentina,2,1963,1,3,5
632,247,Argentina,2,1974,1,3,5
633,247,Argentina,2,1975,1,3,5
634,247,Argentina,2,1976,1,3,5
635,247,Argentina,2,1977,1,3,5
636,248,Cyprus,1,1955,1,1,1
637,248,Cyprus,1,1956,1,1,1
638,248,Cyprus,1,1957,1,1,1
639,248,Cyprus,1,1958,1,1,1
640,248,Cyprus,1,1959,1,1,1
641,249,South Vietnam,1,1955,2,3,3
642,249,South Vietnam,1,1956,2,3,3
643,249,South Vietnam,1,1957,2,3,3
644,249,South Vietnam,1,1958,2,3,3
645,249,South Vietnam,1,1959,2,3,3
646,249,South Vietnam,1,1960,2,3,3
647,249,South Vietnam,1,1961,2,3,3
648,249,South Vietnam,1,1962,2,4,3
649,249,South Vietnam,1,1963,2,4,3
650,249,South Vietnam,1,1964,2,4,3
651,250,"Hungary, Russia (Soviet Union)",2,1956,2,2,1
652,251,India,1,1956,1,3,3
653,251,India,1,1957,1,3,3
654,251,India,1,1958,1,3,3
655,251,India,1,1959,1,3,3
656,251,India,1,1961,1,3,3
657,251,India,1,1962,1,3,3
658,251,India,1,1963,1,3,3
659,251,India,1,1964,1,3,3
660,251,India,1,1965,1,3,3
661,251,India,1,1966,1,3,3
662,251,India,1,1967,1,3,3
663,251,India,1,1968,1,3,3
664,251,India,1,1992,1,3,3
665,251,India,1,1993,1,3,3
666,251,India,1,1994,1,3,3
667,251,India,1,1995,1,3,3
668,251,India,1,1996,1,3,3
669,251,India,1,1997,1,3,3
670,251,India,1,2000,1,3,3
671,252,"Egypt, France, Israel, United Kingdom",1,1956,2,2,"1, 2"
672,253,Myanmar (Burma),1,1957,1,3,3
673,253,Myanmar (Burma),1,1987,1,3,3
674,253,Myanmar (Burma),1,1992,1,3,3
675,253,Myanmar (Burma),1,1996,1,3,3
676,253,Myanmar (Burma),1,2005,1,3,3
677,253,Myanmar (Burma),1,2021,1,3,3
678,253,Myanmar (Burma),1,2022,1,3,3
679,253,Myanmar (Burma),1,2023,1,3,3
680,254,Cameroon,1,1957,1,1,4
681,254,Cameroon,1,1958,1,1,4
682,254,Cameroon,1,1959,1,1,4
683,255,"Honduras, Nicaragua",1,1957,1,2,5
684,256,"Mauritania, Morocco",1,1957,1,1,4
685,256,"Mauritania, Morocco",1,1958,1,1,4
686,257,"Mauritania, Morocco",1,1957,1,1,4
687,257,"Mauritania, Morocco",1,1958,1,1,4
688,258,Oman,1,1957,1,4,2
689,259,Iraq,2,1958,1,3,2
690,259,Iraq,2,1959,1,3,2
691,259,Iraq,2,1963,2,3,2
692,259,Iraq,2,1982,1,3,2
693,259,Iraq,2,1983,1,3,2
694,259,Iraq,2,1984,1,3,2
695,259,Iraq,2,1987,1,3,2
696,259,Iraq,2,1991,1,3,2
697,259,Iraq,2,1992,1,3,2
698,259,Iraq,2,1993,1,3,2
699,259,Iraq,2,1994,1,3,2
700,259,Iraq,2,1995,1,3,2
701,259,Iraq,2,1996,1,3,2
702,259,Iraq,2,2004,2,4,2
703,259,Iraq,2,2009,2,4,2
704,259,Iraq,2,2010,1,4,2
705,259,Iraq,2,2011,1,4,2
706,259,Iraq,2,2012,1,3,2
707,259,Iraq,2,2013,2,3,2
708,260,Lebanon,2,1958,2,3,2
709,260,Lebanon,2,1975,1,3,2
710,260,Lebanon,2,1976,2,3,2
711,260,Lebanon,2,1982,1,3,2
712,259,Iraq,2,2005,2,4,2
713,259,Iraq,2,2006,2,4,2
714,259,Iraq,2,2007,2,4,2
715,259,Iraq,2,2014,2,4,2
716,259,Iraq,2,2015,2,4,2
717,260,Lebanon,2,1984,2,4,2
718,259,Iraq,2,2008,2,4,2
719,259,Iraq,2,2016,2,4,2
720,259,Iraq,2,2017,2,4,2
721,259,Iraq,2,2018,1,4,2
722,259,Iraq,2,2019,1,4,2
723,259,Iraq,2,2020,1,4,2
724,259,Iraq,2,2021,1,4,2
725,259,Iraq,2,2022,1,4,2
726,259,Iraq,2,2023,1,4,2
727,260,Lebanon,2,1983,1,4,2
728,260,Lebanon,2,1985,1,3,2
729,260,Lebanon,2,1986,1,3,2
730,260,Lebanon,2,1989,1,4,2
731,260,Lebanon,2,1990,1,4,2
732,261,Malaysia,2,1958,1,4,3
733,261,Malaysia,2,1959,1,4,3
734,261,Malaysia,2,1960,1,4,3
735,261,Malaysia,2,1974,1,3,3
736,261,Malaysia,2,1975,1,3,3
737,261,Malaysia,2,1981,1,3,3
738,262,Laos,2,1959,2,3,3
739,262,Laos,2,1960,2,4,3
740,262,Laos,2,1961,2,4,3
741,262,Laos,2,1963,2,4,3
742,262,Laos,2,1964,2,4,3
743,262,Laos,2,1965,2,4,3
744,262,Laos,2,1966,2,4,3
745,262,Laos,2,1967,2,4,3
746,262,Laos,2,1968,2,4,3
747,262,Laos,2,1969,2,4,3
748,262,Laos,2,1989,1,3,3
749,262,Laos,2,1990,1,3,3
750,263,Angola,1,1961,2,1,4
751,263,Angola,1,1962,2,1,4
752,263,Angola,1,1963,1,1,4
753,262,Laos,2,1970,2,4,3
754,262,Laos,2,1971,2,4,3
755,262,Laos,2,1972,2,4,3
756,262,Laos,2,1973,2,4,3
757,263,Angola,1,1964,1,1,4
758,263,Angola,1,1965,1,1,4
759,263,Angola,1,1966,1,1,4
760,263,Angola,1,1967,1,1,4
761,263,Angola,1,1968,1,1,4
762,263,Angola,1,1969,1,1,4
763,263,Angola,1,1970,1,1,4
764,263,Angola,1,1971,1,1,4
765,263,Angola,1,1972,1,1,4
766,263,Angola,1,1973,1,1,4
767,263,Angola,1,1974,1,1,4
768,264,Myanmar (Burma),1,1959,1,3,3
769,264,Myanmar (Burma),1,1960,1,3,3
770,264,Myanmar (Burma),1,1961,1,3,3
771,264,Myanmar (Burma),1,1962,1,3,3
772,264,Myanmar (Burma),1,1963,1,3,3
773,264,Myanmar (Burma),1,1964,2,3,3
774,264,Myanmar (Burma),1,1965,2,3,3
775,264,Myanmar (Burma),1,1966,2,3,3
776,264,Myanmar (Burma),1,1967,2,3,3
777,264,Myanmar (Burma),1,1968,2,3,3
778,264,Myanmar (Burma),1,1969,2,3,3
779,264,Myanmar (Burma),1,1970,2,3,3
780,264,Myanmar (Burma),1,1972,1,3,3
781,264,Myanmar (Burma),1,1973,1,3,3
782,264,Myanmar (Burma),1,1976,1,3,3
783,264,Myanmar (Burma),1,1977,1,3,3
784,264,Myanmar (Burma),1,1978,1,3,3
785,264,Myanmar (Burma),1,1979,1,3,3
786,264,Myanmar (Burma),1,1980,1,3,3
787,264,Myanmar (Burma),1,1981,1,3,3
788,264,Myanmar (Burma),1,1982,1,3,3
789,264,Myanmar (Burma),1,1983,1,3,3
790,264,Myanmar (Burma),1,1984,1,3,3
791,264,Myanmar (Burma),1,1985,1,3,3
792,264,Myanmar (Burma),1,1986,1,3,3
793,264,Myanmar (Burma),1,1987,1,3,3
794,264,Myanmar (Burma),1,1988,1,3,3
795,264,Myanmar (Burma),1,1993,1,3,3
796,264,Myanmar (Burma),1,1994,1,3,3
797,264,Myanmar (Burma),1,1995,1,3,3
798,264,Myanmar (Burma),1,1996,1,3,3
799,264,Myanmar (Burma),1,1997,1,3,3
800,264,Myanmar (Burma),1,1998,1,3,3
801,264,Myanmar (Burma),1,1999,1,3,3
802,264,Myanmar (Burma),1,2000,1,3,3
803,264,Myanmar (Burma),1,2001,1,3,3
804,264,Myanmar (Burma),1,2002,1,3,3
805,264,Myanmar (Burma),1,2005,1,3,3
806,264,Myanmar (Burma),1,2006,1,3,3
807,264,Myanmar (Burma),1,2007,1,3,3
808,264,Myanmar (Burma),1,2008,1,3,3
809,264,Myanmar (Burma),1,2009,1,3,3
810,264,Myanmar (Burma),1,2010,1,3,3
811,264,Myanmar (Burma),1,2011,1,3,3
812,264,Myanmar (Burma),1,2013,1,3,3
813,264,Myanmar (Burma),1,2015,1,3,3
814,265,DR Congo (Zaire),1,1961,1,3,4
815,265,DR Congo (Zaire),1,1962,1,3,4
816,265,DR Congo (Zaire),1,2013,1,4,4
817,265,DR Congo (Zaire),1,2014,1,4,4
818,265,DR Congo (Zaire),1,2020,1,4,4
819,266,DR Congo (Zaire),1,1960,1,3,4
820,266,DR Congo (Zaire),1,1961,1,3,4
821,266,DR Congo (Zaire),1,1962,1,3,4
822,267,Ethiopia,2,1960,1,3,4
823,267,Ethiopia,2,1976,2,3,4
824,267,Ethiopia,2,1977,1,3,4
825,267,Ethiopia,2,1978,1,3,4
826,267,Ethiopia,2,1979,1,3,4
827,267,Ethiopia,2,1980,2,3,4
828,267,Ethiopia,2,1981,2,3,4
829,267,Ethiopia,2,1982,2,3,4
830,267,Ethiopia,2,1983,2,3,4
831,267,Ethiopia,2,1984,2,3,4
832,267,Ethiopia,2,1985,2,3,4
833,267,Ethiopia,2,1986,1,3,4
834,267,Ethiopia,2,1987,2,3,4
835,267,Ethiopia,2,1988,2,3,4
836,267,Ethiopia,2,1989,2,3,4
837,267,Ethiopia,2,1990,2,3,4
838,267,Ethiopia,2,1991,2,3,4
839,267,Ethiopia,2,2020,2,4,4
840,267,Ethiopia,2,2021,2,4,4
841,267,Ethiopia,2,2022,2,4,4
842,268,"Ethiopia, Somalia",1,1964,1,2,4
843,268,"Ethiopia, Somalia",1,1977,2,2,4
844,268,"Ethiopia, Somalia",1,1978,2,2,4
845,268,"Ethiopia, Somalia",1,1980,1,2,4
846,269,Nepal,2,1960,1,3,3
847,269,Nepal,2,1961,1,3,3
848,269,Nepal,2,1962,1,3,3
849,269,Nepal,2,1996,1,3,3
850,269,Nepal,2,1997,1,3,3
851,269,Nepal,2,1998,1,3,3
852,269,Nepal,2,1999,1,3,3
853,269,Nepal,2,2000,1,3,3
854,269,Nepal,2,2001,1,3,3
855,269,Nepal,2,2002,2,3,3
856,269,Nepal,2,2003,2,3,3
857,269,Nepal,2,2004,2,3,3
858,269,Nepal,2,2005,2,3,3
859,269,Nepal,2,2006,1,3,3
860,270,France,2,1961,2,3,1
861,270,France,2,1962,2,3,1
862,271,Iraq,1,1961,2,3,2
863,271,Iraq,1,1962,2,3,2
864,271,Iraq,1,1963,2,3,2
865,271,Iraq,1,1964,1,3,2
866,271,Iraq,1,1965,2,3,2
867,271,Iraq,1,1966,2,3,2
868,271,Iraq,1,1967,1,3,2
869,271,Iraq,1,1968,1,3,2
870,271,Iraq,1,1969,2,3,2
871,271,Iraq,1,1970,1,3,2
872,271,Iraq,1,1973,1,3,2
873,271,Iraq,1,1974,2,3,2
874,271,Iraq,1,1975,2,3,2
875,271,Iraq,1,1976,1,3,2
876,271,Iraq,1,1977,1,3,2
877,271,Iraq,1,1978,1,3,2
878,271,Iraq,1,1979,1,3,2
879,271,Iraq,1,1980,1,3,2
880,271,Iraq,1,1981,1,3,2
881,271,Iraq,1,1982,1,3,2
882,271,Iraq,1,1983,1,3,2
883,271,Iraq,1,1984,1,3,2
884,271,Iraq,1,1985,1,3,2
885,271,Iraq,1,1986,1,3,2
886,271,Iraq,1,1987,1,3,2
887,271,Iraq,1,1988,2,3,2
888,271,Iraq,1,1989,1,3,2
889,271,Iraq,1,1990,1,3,2
890,271,Iraq,1,1991,2,3,2
891,271,Iraq,1,1992,1,3,2
892,271,Iraq,1,1995,1,3,2
893,271,Iraq,1,1996,1,3,2
894,272,"France, Tunisia",1,1961,2,2,"1, 4"
895,273,Brunei,1,1962,1,1,3
896,274,"China, India",1,1962,2,2,3
897,274,"China, India",1,1967,1,2,3
898,274,"China, India",1,2020,1,2,3
899,275,Ethiopia,1,1964,1,3,4
900,275,Ethiopia,1,1965,1,3,4
901,275,Ethiopia,1,1966,1,3,4
902,275,Ethiopia,1,1967,1,3,4
903,275,Ethiopia,1,1968,1,3,4
904,275,Ethiopia,1,1969,1,3,4
905,275,Ethiopia,1,1970,1,3,4
906,275,Ethiopia,1,1971,1,3,4
907,275,Ethiopia,1,1972,1,3,4
908,275,Ethiopia,1,1973,1,3,4
909,275,Ethiopia,1,1974,1,3,4
910,275,Ethiopia,1,1975,2,3,4
911,275,Ethiopia,1,1976,2,3,4
912,275,Ethiopia,1,1977,2,4,4
913,275,Ethiopia,1,1978,2,4,4
914,275,Ethiopia,1,1979,2,3,4
915,275,Ethiopia,1,1980,1,3,4
916,275,Ethiopia,1,1981,1,3,4
917,275,Ethiopia,1,1982,2,3,4
918,275,Ethiopia,1,1983,2,3,4
919,275,Ethiopia,1,1984,2,3,4
920,275,Ethiopia,1,1985,2,3,4
921,275,Ethiopia,1,1986,1,3,4
922,275,Ethiopia,1,1987,2,3,4
923,275,Ethiopia,1,1988,2,3,4
924,275,Ethiopia,1,1989,2,3,4
925,275,Ethiopia,1,1990,2,3,4
926,275,Ethiopia,1,1991,2,3,4
927,276,"Indonesia, Netherlands",1,1962,1,2,"1, 3"
928,277,Venezuela,2,1962,1,3,5
929,277,Venezuela,2,1982,1,3,5
930,277,Venezuela,2,1992,1,3,5
931,278,"Algeria, Morocco",1,1963,1,2,4
932,279,Guinea-Bissau,1,1963,1,1,4
933,279,Guinea-Bissau,1,1964,1,1,4
934,279,Guinea-Bissau,1,1965,1,1,4
935,279,Guinea-Bissau,1,1966,1,1,4
936,279,Guinea-Bissau,1,1967,1,1,4
937,279,Guinea-Bissau,1,1968,1,1,4
938,279,Guinea-Bissau,1,1969,1,1,4
939,279,Guinea-Bissau,1,1970,1,1,4
940,279,Guinea-Bissau,1,1971,1,1,4
941,279,Guinea-Bissau,1,1972,1,1,4
942,279,Guinea-Bissau,1,1973,1,1,4
943,280,Malaysia,1,1963,1,3,3
944,280,Malaysia,1,1964,1,3,3
945,280,Malaysia,1,1965,1,4,3
946,280,Malaysia,1,1966,1,4,3
947,281,"Indonesia, Malaysia",1,1963,1,2,3
948,281,"Indonesia, Malaysia",1,1964,1,2,3
949,281,"Indonesia, Malaysia",1,1965,1,2,3
950,281,"Indonesia, Malaysia",1,1966,1,2,3
951,282,Sudan,1,1963,2,3,4
952,282,Sudan,1,1964,2,3,4
953,282,Sudan,1,1965,2,3,4
954,282,Sudan,1,1966,2,3,4
955,282,Sudan,1,1967,2,3,4
956,282,Sudan,1,1968,2,3,4
957,282,Sudan,1,1969,2,3,4
958,282,Sudan,1,1970,2,3,4
959,282,Sudan,1,1971,2,3,4
960,282,Sudan,1,1972,2,3,4
961,283,DR Congo (Zaire),2,1964,2,3,4
962,283,DR Congo (Zaire),2,1965,2,3,4
963,283,DR Congo (Zaire),2,1967,1,3,4
964,283,DR Congo (Zaire),2,1977,1,4,4
965,283,DR Congo (Zaire),2,1978,1,3,4
966,283,DR Congo (Zaire),2,1996,2,4,4
967,283,DR Congo (Zaire),2,1997,2,4,4
968,283,DR Congo (Zaire),2,1998,2,4,4
969,283,DR Congo (Zaire),2,2005,1,3,4
970,283,DR Congo (Zaire),2,2006,1,3,4
971,283,DR Congo (Zaire),2,2007,1,3,4
972,283,DR Congo (Zaire),2,2008,1,3,4
973,283,DR Congo (Zaire),2,1999,2,4,4
974,283,DR Congo (Zaire),2,2000,2,4,4
975,283,DR Congo (Zaire),2,2001,1,4,4
976,283,DR Congo (Zaire),2,2011,1,3,4
977,283,DR Congo (Zaire),2,2012,1,4,4
978,283,DR Congo (Zaire),2,2013,2,4,4
979,283,DR Congo (Zaire),2,2014,1,4,4
980,283,DR Congo (Zaire),2,2016,1,3,4
981,283,DR Congo (Zaire),2,2017,2,4,4
982,283,DR Congo (Zaire),2,2018,1,4,4
983,283,DR Congo (Zaire),2,2019,1,4,4
984,283,DR Congo (Zaire),2,2020,1,4,4
985,283,DR Congo (Zaire),2,2021,1,4,4
986,283,DR Congo (Zaire),2,2022,1,4,4
987,287,Burundi,2,2000,2,3,4
988,283,DR Congo (Zaire),2,2023,1,4,4
989,284,Gabon,2,1964,1,4,4
990,285,Mozambique,1,1964,1,1,4
991,285,Mozambique,1,1965,1,1,4
992,285,Mozambique,1,1966,1,1,4
993,285,Mozambique,1,1967,1,1,4
994,285,Mozambique,1,1968,1,1,4
995,285,Mozambique,1,1969,1,1,4
996,285,Mozambique,1,1970,1,1,4
997,285,Mozambique,1,1971,1,1,4
998,285,Mozambique,1,1972,2,1,4
999,285,Mozambique,1,1973,2,1,4
1000,285,Mozambique,1,1974,1,1,4
1001,286,South Yemen,1,1964,1,1,2
1002,286,South Yemen,1,1965,1,1,2
1003,286,South Yemen,1,1966,1,1,2
1004,286,South Yemen,1,1967,1,1,2
1005,287,Burundi,2,1965,1,3,4
1006,287,Burundi,2,1991,1,3,4
1007,287,Burundi,2,1992,1,3,4
1008,287,Burundi,2,1994,1,3,4
1009,287,Burundi,2,1995,1,3,4
1010,287,Burundi,2,1996,1,3,4
1011,287,Burundi,2,1997,2,3,4
1012,287,Burundi,2,1998,1,3,4
1013,287,Burundi,2,1999,1,3,4
1014,287,Burundi,2,2001,2,3,4
1015,287,Burundi,2,2002,2,3,4
1016,287,Burundi,2,2003,1,3,4
1017,287,Burundi,2,2004,1,3,4
1018,287,Burundi,2,2005,1,3,4
1019,287,Burundi,2,2006,1,3,4
1020,287,Burundi,2,2008,1,3,4
1021,287,Burundi,2,2014,1,3,4
1022,287,Burundi,2,2015,1,3,4
1023,287,Burundi,2,2019,1,4,4
1024,287,Burundi,2,2020,1,4,4
1025,287,Burundi,2,2021,1,4,4
1026,287,Burundi,2,2022,1,4,4
1027,287,Burundi,2,2023,1,4,4
1028,288,Chad,2,1966,1,3,4
1029,288,Chad,2,1967,1,3,4
1030,288,Chad,2,1968,1,3,4
1031,288,Chad,2,1969,1,4,4
1032,288,Chad,2,1970,1,4,4
1033,288,Chad,2,1971,1,4,4
1034,288,Chad,2,1972,1,4,4
1035,288,Chad,2,1976,1,3,4
1036,288,Chad,2,1977,1,3,4
1037,288,Chad,2,1978,2,4,4
1038,288,Chad,2,1979,2,3,4
1039,288,Chad,2,1980,2,4,4
1040,288,Chad,2,1981,1,4,4
1041,288,Chad,2,1982,1,3,4
1042,288,Chad,2,1983,1,4,4
1043,288,Chad,2,1984,1,4,4
1044,288,Chad,2,1986,1,4,4
1045,288,Chad,2,1987,2,4,4
1046,288,Chad,2,1989,1,3,4
1047,288,Chad,2,1990,2,3,4
1048,288,Chad,2,1991,1,3,4
1049,288,Chad,2,1992,1,3,4
1050,288,Chad,2,1993,1,3,4
1051,288,Chad,2,1994,1,3,4
1052,288,Chad,2,1997,1,3,4
1053,288,Chad,2,1998,1,3,4
1054,288,Chad,2,1999,1,3,4
1055,288,Chad,2,2000,2,3,4
1056,288,Chad,2,2001,1,3,4
1057,288,Chad,2,2002,1,3,4
1058,288,Chad,2,2003,1,3,4
1059,288,Chad,2,2005,1,3,4
1060,288,Chad,2,2006,2,3,4
1061,288,Chad,2,2007,1,3,4
1062,288,Chad,2,2008,1,3,4
1063,288,Chad,2,2009,1,3,4
1064,288,Chad,2,2010,1,3,4
1065,288,Chad,2,2018,1,3,4
1066,288,Chad,2,2020,1,3,4
1067,288,Chad,2,2021,1,3,4
1068,288,Chad,2,2023,1,3,4
1069,289,Colombia,2,1964,1,3,5
1070,289,Colombia,2,1965,1,3,5
1071,289,Colombia,2,1966,1,3,5
1072,289,Colombia,2,1967,1,3,5
1073,289,Colombia,2,1968,1,3,5
1074,289,Colombia,2,1969,1,3,5
1075,289,Colombia,2,1970,1,3,5
1076,289,Colombia,2,1971,1,3,5
1077,289,Colombia,2,1972,1,3,5
1078,289,Colombia,2,1973,1,3,5
1079,289,Colombia,2,1974,1,3,5
1080,289,Colombia,2,1975,1,3,5
1081,289,Colombia,2,1976,1,3,5
1082,289,Colombia,2,1977,1,3,5
1083,289,Colombia,2,1978,1,3,5
1084,289,Colombia,2,1979,1,3,5
1085,289,Colombia,2,1980,1,3,5
1086,289,Colombia,2,1981,1,3,5
1087,289,Colombia,2,1982,1,3,5
1088,289,Colombia,2,1983,1,3,5
1089,289,Colombia,2,1984,1,3,5
1090,289,Colombia,2,1985,2,3,5
1091,289,Colombia,2,1986,1,3,5
1092,289,Colombia,2,1987,1,3,5
1093,289,Colombia,2,1988,1,3,5
1094,289,Colombia,2,1989,1,3,5
1095,289,Colombia,2,1990,1,3,5
1096,289,Colombia,2,1991,1,3,5
1097,289,Colombia,2,1992,2,3,5
1098,289,Colombia,2,1993,1,3,5
1099,289,Colombia,2,1994,2,3,5
1100,289,Colombia,2,1995,1,3,5
1101,289,Colombia,2,1996,2,3,5
1102,289,Colombia,2,1997,1,3,5
1103,289,Colombia,2,1998,1,3,5
1104,289,Colombia,2,1999,2,3,5
1105,289,Colombia,2,2000,2,3,5
1106,289,Colombia,2,2001,2,3,5
1107,289,Colombia,2,2002,2,3,5
1108,289,Colombia,2,2003,2,3,5
1109,289,Colombia,2,2004,2,3,5
1110,289,Colombia,2,2005,2,3,5
1111,289,Colombia,2,2006,1,3,5
1112,289,Colombia,2,2007,1,3,5
1113,289,Colombia,2,2008,1,3,5
1114,289,Colombia,2,2009,1,3,5
1115,289,Colombia,2,2010,1,3,5
1116,289,Colombia,2,2011,1,3,5
1117,289,Colombia,2,2012,1,3,5
1118,289,Colombia,2,2013,1,3,5
1119,289,Colombia,2,2014,1,3,5
1120,289,Colombia,2,2015,1,3,5
1121,289,Colombia,2,2016,1,3,5
1122,289,Colombia,2,2018,1,3,5
1123,289,Colombia,2,2019,1,3,5
1124,289,Colombia,2,2020,1,3,5
1125,289,Colombia,2,2021,1,3,5
1126,289,Colombia,2,2022,1,3,5
1127,289,Colombia,2,2023,1,3,5
1128,290,Dominican Republic,2,1965,1,3,5
1129,291,Indonesia,1,1965,1,3,3
1130,291,Indonesia,1,1967,1,3,3
1131,291,Indonesia,1,1968,1,3,3
1132,291,Indonesia,1,1969,1,3,3
1133,291,Indonesia,1,1976,2,3,3
1134,291,Indonesia,1,1977,2,3,3
1135,291,Indonesia,1,1978,2,3,3
1136,291,Indonesia,1,1981,2,3,3
1137,291,Indonesia,1,1984,1,3,3
1138,291,Indonesia,1,2018,1,3,3
1139,291,Indonesia,1,2021,1,3,3
1140,291,Indonesia,1,2022,1,3,3
1141,291,Indonesia,1,2023,1,3,3
1142,292,Peru,2,1965,1,3,5
1143,292,Peru,2,1982,1,3,5
1144,292,Peru,2,1983,2,3,5
1145,292,Peru,2,1984,2,3,5
1146,292,Peru,2,1985,2,3,5
1147,292,Peru,2,1986,1,3,5
1148,292,Peru,2,1987,1,3,5
1149,292,Peru,2,1988,2,3,5
1150,292,Peru,2,1989,2,3,5
1151,292,Peru,2,1990,2,3,5
1152,292,Peru,2,1991,2,3,5
1153,292,Peru,2,1992,2,3,5
1154,292,Peru,2,1993,1,3,5
1155,292,Peru,2,1994,1,3,5
1156,292,Peru,2,1995,1,3,5
1157,292,Peru,2,1996,1,3,5
1158,292,Peru,2,1997,1,3,5
1159,292,Peru,2,1998,1,3,5
1160,292,Peru,2,1999,1,3,5
1161,292,Peru,2,2007,1,3,5
1162,292,Peru,2,2008,1,3,5
1163,292,Peru,2,2009,1,3,5
1164,292,Peru,2,2010,1,3,5
1165,293,"South Vietnam, Vietnam (North Vietnam)",1,1965,2,2,3
1166,293,"South Vietnam, Vietnam (North Vietnam)",1,1966,2,2,3
1167,293,"South Vietnam, Vietnam (North Vietnam)",1,1967,2,2,3
1168,293,"South Vietnam, Vietnam (North Vietnam)",1,1968,2,2,3
1169,293,"South Vietnam, Vietnam (North Vietnam)",1,1969,2,2,3
1170,293,"South Vietnam, Vietnam (North Vietnam)",1,1970,2,2,3
1171,293,"South Vietnam, Vietnam (North Vietnam)",1,1971,2,2,3
1172,293,"South Vietnam, Vietnam (North Vietnam)",1,1972,2,2,3
1173,294,"Cambodia (Kampuchea), Thailand",1,1977,1,2,3
1174,295,Ghana,2,1966,1,3,4
1175,295,Ghana,2,1981,1,3,4
1176,293,"South Vietnam, Vietnam (North Vietnam)",1,1973,2,2,3
1177,293,"South Vietnam, Vietnam (North Vietnam)",1,1974,2,2,3
1178,293,"South Vietnam, Vietnam (North Vietnam)",1,1975,2,2,3
1179,294,"Cambodia (Kampuchea), Thailand",1,1978,1,2,3
1180,294,"Cambodia (Kampuchea), Thailand",1,2011,1,2,3
1181,295,Ghana,2,1983,1,3,4
1182,296,India,1,1966,1,3,3
1183,296,India,1,1967,1,3,3
1184,296,India,1,1968,1,3,3
1185,297,Nigeria,2,1966,1,3,4
1186,297,Nigeria,2,2009,1,3,4
1187,297,Nigeria,2,2011,1,3,4
1188,297,Nigeria,2,2012,1,4,4
1189,297,Nigeria,2,2013,2,4,4
1190,297,Nigeria,2,2014,2,4,4
1191,297,Nigeria,2,2015,2,4,4
1192,297,Nigeria,2,2016,1,4,4
1193,297,Nigeria,2,2017,2,4,4
1194,297,Nigeria,2,2018,1,4,4
1195,297,Nigeria,2,2019,1,4,4
1196,297,Nigeria,2,2020,1,4,4
1197,297,Nigeria,2,2021,1,4,4
1198,297,Nigeria,2,2022,1,4,4
1199,297,Nigeria,2,2023,1,4,4
1200,298,South Africa,1,1966,1,3,4
1201,298,South Africa,1,1967,1,3,4
1202,298,South Africa,1,1968,1,3,4
1203,298,South Africa,1,1969,1,3,4
1204,298,South Africa,1,1970,1,3,4
1205,298,South Africa,1,1971,1,3,4
1206,298,South Africa,1,1972,1,3,4
1207,298,South Africa,1,1973,1,3,4
1208,298,South Africa,1,1974,1,3,4
1209,298,South Africa,1,1975,1,3,4
1210,298,South Africa,1,1976,1,3,4
1211,298,South Africa,1,1977,1,3,4
1212,298,South Africa,1,1978,2,3,4
1213,298,South Africa,1,1979,1,3,4
1214,298,South Africa,1,1980,2,3,4
1215,298,South Africa,1,1981,2,3,4
1216,298,South Africa,1,1982,2,3,4
1217,298,South Africa,1,1983,2,3,4
1218,298,South Africa,1,1984,1,3,4
1219,298,South Africa,1,1985,1,3,4
1220,298,South Africa,1,1986,2,3,4
1221,298,South Africa,1,1987,2,3,4
1222,298,South Africa,1,1988,2,3,4
1223,298,South Africa,1,1989,1,3,4
1224,299,Syria,2,1966,1,3,2
1225,299,Syria,2,1979,1,3,2
1226,299,Syria,2,1980,1,3,2
1227,299,Syria,2,1981,1,3,2
1228,299,Syria,2,1982,2,3,2
1229,299,Syria,2,2011,2,3,2
1230,299,Syria,2,2012,2,3,2
1231,299,Syria,2,2013,2,3,2
1232,299,Syria,2,2014,2,3,2
1233,299,Syria,2,2015,2,4,2
1234,299,Syria,2,2016,2,4,2
1235,299,Syria,2,2017,2,4,2
1236,299,Syria,2,2018,2,4,2
1237,299,Syria,2,2019,2,4,2
1238,299,Syria,2,2020,2,4,2
1239,299,Syria,2,2021,1,4,2
1240,299,Syria,2,2022,1,4,2
1241,299,Syria,2,2023,2,4,2
1242,300,Cambodia (Kampuchea),2,1967,2,3,3
1243,300,Cambodia (Kampuchea),2,1968,1,3,3
1244,300,Cambodia (Kampuchea),2,1969,1,3,3
1245,300,Cambodia (Kampuchea),2,1970,2,4,3
1246,300,Cambodia (Kampuchea),2,1974,2,4,3
1247,300,Cambodia (Kampuchea),2,1975,2,4,3
1248,300,Cambodia (Kampuchea),2,1978,2,4,3
1249,300,Cambodia (Kampuchea),2,1980,1,4,3
1250,300,Cambodia (Kampuchea),2,1971,2,4,3
1251,300,Cambodia (Kampuchea),2,1972,2,4,3
1252,300,Cambodia (Kampuchea),2,1973,2,4,3
1253,300,Cambodia (Kampuchea),2,1979,1,4,3
1254,300,Cambodia (Kampuchea),2,1981,1,4,3
1255,300,Cambodia (Kampuchea),2,1982,1,4,3
1256,300,Cambodia (Kampuchea),2,1983,1,4,3
1257,300,Cambodia (Kampuchea),2,1984,1,4,3
1258,300,Cambodia (Kampuchea),2,1985,1,4,3
1259,300,Cambodia (Kampuchea),2,1986,1,4,3
1260,300,Cambodia (Kampuchea),2,1987,1,4,3
1261,300,Cambodia (Kampuchea),2,1988,1,4,3
1262,300,Cambodia (Kampuchea),2,1989,1,4,3
1263,300,Cambodia (Kampuchea),2,1990,1,3,3
1264,300,Cambodia (Kampuchea),2,1991,1,3,3
1265,300,Cambodia (Kampuchea),2,1992,1,3,3
1266,300,Cambodia (Kampuchea),2,1993,1,3,3
1267,300,Cambodia (Kampuchea),2,1994,1,3,3
1268,300,Cambodia (Kampuchea),2,1995,1,3,3
1269,300,Cambodia (Kampuchea),2,1996,1,3,3
1270,300,Cambodia (Kampuchea),2,1997,1,3,3
1271,300,Cambodia (Kampuchea),2,1998,1,3,3
1272,301,"Israel, Jordan",1,1967,2,2,2
1273,302,"Israel, Syria",1,1967,2,2,2
1274,302,"Israel, Syria",1,1973,2,2,2
1275,303,Nigeria,1,1967,2,3,4
1276,303,Nigeria,1,1968,2,3,4
1277,303,Nigeria,1,1969,2,3,4
1278,303,Nigeria,1,1970,2,3,4
1279,303,Nigeria,1,2021,1,3,4
1280,303,Nigeria,1,2022,1,3,4
1281,303,Nigeria,1,2023,1,4,4
1282,304,"China, Myanmar (Burma)",1,1969,1,2,3
1283,305,"China, Russia (Soviet Union)",1,1969,1,2,"1, 3"
1284,306,"El Salvador, Honduras",1,1969,2,2,5
1285,307,Guinea,2,2000,1,3,4
1286,307,Guinea,2,2001,1,3,4
1287,308,Philippines,1,1970,1,3,3
1288,308,Philippines,1,1971,1,3,3
1289,308,Philippines,1,1972,1,3,3
1290,308,Philippines,1,1973,1,3,3
1291,308,Philippines,1,1974,1,3,3
1292,308,Philippines,1,1975,1,3,3
1293,308,Philippines,1,1976,1,3,3
1294,308,Philippines,1,1977,1,3,3
1295,308,Philippines,1,1978,2,3,3
1296,308,Philippines,1,1979,1,3,3
1297,308,Philippines,1,1980,1,3,3
1298,308,Philippines,1,1981,2,3,3
1299,308,Philippines,1,1982,1,3,3
1300,308,Philippines,1,1983,1,3,3
1301,308,Philippines,1,1984,1,3,3
1302,308,Philippines,1,1985,1,3,3
1303,308,Philippines,1,1986,1,3,3
1304,308,Philippines,1,1987,1,3,3
1305,308,Philippines,1,1988,1,3,3
1306,308,Philippines,1,1989,1,3,3
1307,308,Philippines,1,1990,1,3,3
1308,308,Philippines,1,1993,1,3,3
1309,308,Philippines,1,1994,1,3,3
1310,308,Philippines,1,1995,1,3,3
1311,308,Philippines,1,1996,1,3,3
1312,308,Philippines,1,1997,1,3,3
1313,308,Philippines,1,1998,1,3,3
1314,308,Philippines,1,1999,1,3,3
1315,308,Philippines,1,2000,2,3,3
1316,308,Philippines,1,2001,1,3,3
1317,308,Philippines,1,2002,1,3,3
1318,308,Philippines,1,2003,1,3,3
1319,308,Philippines,1,2004,1,3,3
1320,308,Philippines,1,2005,1,3,3
1321,308,Philippines,1,2006,1,3,3
1322,308,Philippines,1,2007,1,3,3
1323,308,Philippines,1,2008,1,3,3
1324,308,Philippines,1,2009,1,3,3
1325,308,Philippines,1,2010,1,3,3
1326,308,Philippines,1,2011,1,3,3
1327,308,Philippines,1,2012,1,3,3
1328,308,Philippines,1,2013,1,3,3
1329,308,Philippines,1,2014,1,3,3
1330,308,Philippines,1,2015,1,3,3
1331,308,Philippines,1,2016,1,3,3
1332,308,Philippines,1,2017,1,4,3
1333,308,Philippines,1,2018,1,3,3
1334,308,Philippines,1,2019,1,3,3
1335,308,Philippines,1,2020,1,3,3
1336,309,Sudan,2,1971,1,3,4
1337,309,Sudan,2,1976,1,3,4
1338,309,Sudan,2,1983,2,3,4
1339,309,Sudan,2,1984,2,3,4
1340,309,Sudan,2,1985,2,3,4
1341,309,Sudan,2,1986,2,3,4
1342,309,Sudan,2,1987,2,3,4
1343,309,Sudan,2,1988,2,3,4
1344,309,Sudan,2,1989,2,3,4
1345,309,Sudan,2,1990,2,3,4
1346,309,Sudan,2,1991,2,3,4
1347,309,Sudan,2,1992,2,3,4
1348,309,Sudan,2,1993,1,3,4
1349,309,Sudan,2,1994,1,3,4
1350,309,Sudan,2,1995,2,3,4
1351,309,Sudan,2,1996,2,3,4
1352,309,Sudan,2,1997,2,3,4
1353,309,Sudan,2,1998,2,3,4
1354,309,Sudan,2,1999,2,3,4
1355,309,Sudan,2,2000,2,3,4
1356,309,Sudan,2,2001,2,3,4
1357,309,Sudan,2,2002,2,3,4
1358,309,Sudan,2,2003,2,4,4
1359,309,Sudan,2,2004,2,3,4
1360,309,Sudan,2,2005,1,3,4
1361,309,Sudan,2,2006,2,3,4
1362,309,Sudan,2,2007,1,3,4
1363,309,Sudan,2,2008,1,3,4
1364,309,Sudan,2,2009,1,3,4
1365,309,Sudan,2,2010,2,3,4
1366,309,Sudan,2,2011,2,4,4
1367,309,Sudan,2,2012,2,3,4
1368,309,Sudan,2,2013,1,3,4
1369,309,Sudan,2,2014,1,3,4
1370,309,Sudan,2,2015,2,3,4
1371,309,Sudan,2,2016,2,3,4
1372,309,Sudan,2,2017,1,3,4
1373,309,Sudan,2,2018,1,3,4
1374,309,Sudan,2,2020,1,3,4
1375,309,Sudan,2,2021,1,3,4
1376,309,Sudan,2,2022,1,3,4
1377,309,Sudan,2,2023,2,3,4
1378,310,Madagascar (Malagasy),2,1971,1,3,4
1379,311,Morocco,2,1971,1,3,4
1380,312,Pakistan,1,1971,2,3,3
1381,313,Sri Lanka,2,1971,2,3,3
1382,313,Sri Lanka,2,1989,1,3,3
1383,313,Sri Lanka,2,1990,1,3,3
1384,314,Uganda,2,1971,1,3,4
1385,314,Uganda,2,1972,1,3,4
1386,314,Uganda,2,1974,1,3,4
1387,314,Uganda,2,1979,1,4,4
1388,314,Uganda,2,1980,1,4,4
1389,314,Uganda,2,1981,2,4,4
1390,314,Uganda,2,1982,2,3,4
1391,314,Uganda,2,1983,2,3,4
1392,314,Uganda,2,1984,2,3,4
1393,314,Uganda,2,1985,2,3,4
1394,314,Uganda,2,1986,2,3,4
1395,314,Uganda,2,1987,2,3,4
1396,314,Uganda,2,1988,2,3,4
1397,314,Uganda,2,1989,2,3,4
1398,314,Uganda,2,1990,1,3,4
1399,314,Uganda,2,1991,1,3,4
1400,314,Uganda,2,1992,1,3,4
1401,314,Uganda,2,1994,1,3,4
1402,314,Uganda,2,1995,1,3,4
1403,314,Uganda,2,1996,2,3,4
1404,314,Uganda,2,1997,1,3,4
1405,314,Uganda,2,1998,1,3,4
1406,314,Uganda,2,1999,1,3,4
1407,314,Uganda,2,2000,1,3,4
1408,314,Uganda,2,2001,1,3,4
1409,314,Uganda,2,2002,2,3,4
1410,314,Uganda,2,2003,1,3,4
1411,314,Uganda,2,2004,2,3,4
1412,314,Uganda,2,2005,1,4,4
1413,314,Uganda,2,2006,1,3,4
1414,314,Uganda,2,2007,1,3,4
1415,314,Uganda,2,2008,1,4,4
1416,314,Uganda,2,2009,1,4,4
1417,314,Uganda,2,2010,1,4,4
1418,314,Uganda,2,2011,1,4,4
1419,314,Uganda,2,2013,1,4,4
1420,314,Uganda,2,2014,1,4,4
1421,314,Uganda,2,2015,1,4,4
1422,314,Uganda,2,2016,1,4,4
1423,314,Uganda,2,2017,1,4,4
1424,315,United Kingdom,1,1971,1,3,1
1425,315,United Kingdom,1,1972,1,3,1
1426,315,United Kingdom,1,1973,1,3,1
1427,315,United Kingdom,1,1974,1,3,1
1428,315,United Kingdom,1,1975,1,3,1
1429,315,United Kingdom,1,1976,1,3,1
1430,315,United Kingdom,1,1977,1,3,1
1431,315,United Kingdom,1,1978,1,3,1
1432,315,United Kingdom,1,1979,1,3,1
1433,315,United Kingdom,1,1980,1,3,1
1434,315,United Kingdom,1,1981,1,3,1
1435,315,United Kingdom,1,1982,1,3,1
1436,315,United Kingdom,1,1983,1,3,1
1437,315,United Kingdom,1,1984,1,3,1
1438,315,United Kingdom,1,1985,1,3,1
1439,315,United Kingdom,1,1986,1,3,1
1440,315,United Kingdom,1,1987,1,3,1
1441,315,United Kingdom,1,1988,1,3,1
1442,315,United Kingdom,1,1989,1,3,1
1443,315,United Kingdom,1,1990,1,3,1
1444,315,United Kingdom,1,1991,1,3,1
1445,315,United Kingdom,1,1998,1,3,1
1446,316,El Salvador,2,1972,1,3,5
1447,316,El Salvador,2,1979,1,3,5
1448,316,El Salvador,2,1980,1,3,5
1449,316,El Salvador,2,1981,2,3,5
1450,316,El Salvador,2,1982,2,3,5
1451,316,El Salvador,2,1983,2,3,5
1452,316,El Salvador,2,1984,2,3,5
1453,316,El Salvador,2,1985,2,3,5
1454,316,El Salvador,2,1986,2,3,5
1455,316,El Salvador,2,1987,2,3,5
1456,316,El Salvador,2,1988,2,3,5
1457,316,El Salvador,2,1989,2,3,5
1458,316,El Salvador,2,1990,1,3,5
1459,316,El Salvador,2,1991,1,3,5
1460,317,Oman,2,1969,1,4,2
1461,317,Oman,2,1970,1,4,2
1462,317,Oman,2,1971,1,4,2
1463,317,Oman,2,1972,1,4,2
1464,317,Oman,2,1973,1,4,2
1465,317,Oman,2,1974,1,4,2
1466,317,Oman,2,1975,1,4,2
1467,318,Zimbabwe (Rhodesia),2,1967,1,3,4
1468,318,Zimbabwe (Rhodesia),2,1968,1,3,4
1469,318,Zimbabwe (Rhodesia),2,1973,1,3,4
1470,318,Zimbabwe (Rhodesia),2,1974,1,3,4
1471,318,Zimbabwe (Rhodesia),2,1975,1,4,4
1472,318,Zimbabwe (Rhodesia),2,1976,2,3,4
1473,318,Zimbabwe (Rhodesia),2,1977,2,3,4
1474,318,Zimbabwe (Rhodesia),2,1978,2,3,4
1475,318,Zimbabwe (Rhodesia),2,1979,2,3,4
1476,319,Uruguay,2,1972,1,3,5
1477,320,"South Yemen, Yemen (North Yemen)",3,1972,1,2,2
1478,320,"South Yemen, Yemen (North Yemen)",3,1979,1,2,2
1479,321,Chile,2,1973,1,3,5
1480,322,Bangladesh,1,1975,1,3,3
1481,322,Bangladesh,1,1976,1,3,3
1482,322,Bangladesh,1,1977,1,3,3
1483,322,Bangladesh,1,1978,1,3,3
1484,322,Bangladesh,1,1979,1,3,3
1485,322,Bangladesh,1,1980,1,3,3
1486,322,Bangladesh,1,1981,1,3,3
1487,322,Bangladesh,1,1982,1,3,3
1488,322,Bangladesh,1,1983,1,3,3
1489,322,Bangladesh,1,1984,1,3,3
1490,322,Bangladesh,1,1985,1,3,3
1491,322,Bangladesh,1,1986,1,3,3
1492,322,Bangladesh,1,1987,1,3,3
1493,322,Bangladesh,1,1988,1,3,3
1494,322,Bangladesh,1,1989,1,3,3
1495,322,Bangladesh,1,1990,1,3,3
1496,322,Bangladesh,1,1991,1,3,3
1497,323,"Cyprus, Turkey",1,1974,2,2,"1, 2"
1498,324,"Iran, Iraq",3,1974,1,2,2
1499,324,"Iran, Iraq",3,1980,2,2,2
1500,324,"Iran, Iraq",3,1981,2,2,2
1501,324,"Iran, Iraq",3,1982,2,2,2
1502,324,"Iran, Iraq",3,1983,2,2,2
1503,324,"Iran, Iraq",3,1984,2,2,2
1504,324,"Iran, Iraq",3,1985,2,2,2
1505,324,"Iran, Iraq",3,1986,2,2,2
1506,324,"Iran, Iraq",3,1987,2,2,2
1507,324,"Iran, Iraq",3,1988,2,2,2
1508,325,Pakistan,1,1974,2,3,3
1509,325,Pakistan,1,1975,1,3,3
1510,325,Pakistan,1,1976,1,3,3
1511,325,Pakistan,1,1977,1,3,3
1512,325,Pakistan,1,2004,1,3,3
1513,325,Pakistan,1,2006,1,3,3
1514,325,Pakistan,1,2007,1,3,3
1515,325,Pakistan,1,2008,1,3,3
1516,325,Pakistan,1,2009,1,3,3
1517,325,Pakistan,1,2011,1,3,3
1518,325,Pakistan,1,2012,1,3,3
1519,325,Pakistan,1,2013,1,3,3
1520,325,Pakistan,1,2014,1,3,3
1521,325,Pakistan,1,2015,1,3,3
1522,325,Pakistan,1,2016,1,3,3
1523,325,Pakistan,1,2019,1,3,3
1524,325,Pakistan,1,2020,1,3,3
1525,325,Pakistan,1,2021,1,3,3
1526,325,Pakistan,1,2022,1,3,3
1527,325,Pakistan,1,2023,1,3,3
1528,326,Eritrea,2,1997,1,3,4
1529,326,Eritrea,2,1999,1,3,4
1530,326,Eritrea,2,2003,1,3,4
1531,327,Angola,2,1975,2,4,4
1532,327,Angola,2,1976,2,4,4
1533,327,Angola,2,1977,2,4,4
1534,327,Angola,2,1978,2,4,4
1535,327,Angola,2,1979,2,4,4
1536,327,Angola,2,1980,2,4,4
1537,327,Angola,2,1981,2,4,4
1538,327,Angola,2,1982,2,4,4
1539,327,Angola,2,1983,2,4,4
1540,327,Angola,2,1984,2,4,4
1541,327,Angola,2,1985,2,4,4
1542,327,Angola,2,1986,2,4,4
1543,327,Angola,2,1987,2,4,4
1544,327,Angola,2,1988,2,4,4
1545,327,Angola,2,1989,2,4,4
1546,327,Angola,2,1990,2,3,4
1547,327,Angola,2,1991,1,3,4
1548,327,Angola,2,1992,2,3,4
1549,327,Angola,2,1993,2,3,4
1550,327,Angola,2,1994,2,3,4
1551,327,Angola,2,1995,1,3,4
1552,327,Angola,2,1998,2,3,4
1553,327,Angola,2,1999,2,4,4
1554,327,Angola,2,2000,2,4,4
1555,327,Angola,2,2001,2,4,4
1556,327,Angola,2,2002,1,4,4
1557,328,"Cambodia (Kampuchea), Vietnam (North Vietnam)",1,1975,1,2,3
1558,328,"Cambodia (Kampuchea), Vietnam (North Vietnam)",1,1976,1,2,3
1559,328,"Cambodia (Kampuchea), Vietnam (North Vietnam)",1,1977,1,2,3
1560,329,Ethiopia,1,1964,1,3,4
1561,329,Ethiopia,1,1976,1,3,4
1562,329,Ethiopia,1,1977,2,4,4
1563,329,Ethiopia,1,1978,2,4,4
1564,329,Ethiopia,1,1979,1,4,4
1565,329,Ethiopia,1,1980,1,4,4
1566,329,Ethiopia,1,1981,1,4,4
1567,329,Ethiopia,1,1982,1,4,4
1568,329,Ethiopia,1,1983,1,4,4
1569,329,Ethiopia,1,1993,1,3,4
1570,329,Ethiopia,1,1994,1,3,4
1571,329,Ethiopia,1,1996,1,3,4
1572,329,Ethiopia,1,1998,1,3,4
1573,329,Ethiopia,1,1999,1,3,4
1574,329,Ethiopia,1,2000,1,3,4
1575,329,Ethiopia,1,2001,1,3,4
1576,329,Ethiopia,1,2002,1,3,4
1577,329,Ethiopia,1,2003,1,3,4
1578,329,Ethiopia,1,2004,1,3,4
1579,329,Ethiopia,1,2005,1,3,4
1580,329,Ethiopia,1,2006,1,3,4
1581,329,Ethiopia,1,2007,1,3,4
1582,329,Ethiopia,1,2008,1,3,4
1583,329,Ethiopia,1,2009,1,3,4
1584,329,Ethiopia,1,2010,1,3,4
1585,329,Ethiopia,1,2011,1,3,4
1586,329,Ethiopia,1,2012,1,3,4
1587,329,Ethiopia,1,2013,1,3,4
1588,329,Ethiopia,1,2014,1,3,4
1589,329,Ethiopia,1,2015,1,3,4
1590,329,Ethiopia,1,2016,1,3,4
1591,330,Indonesia,1,1975,2,3,3
1592,330,Indonesia,1,1976,2,3,3
1593,330,Indonesia,1,1977,2,3,3
1594,330,Indonesia,1,1978,2,3,3
1595,330,Indonesia,1,1979,1,3,3
1596,330,Indonesia,1,1980,1,3,3
1597,330,Indonesia,1,1981,1,3,3
1598,330,Indonesia,1,1982,1,3,3
1599,330,Indonesia,1,1983,1,3,3
1600,330,Indonesia,1,1984,1,3,3
1601,330,Indonesia,1,1985,1,3,3
1602,330,Indonesia,1,1986,1,3,3
1603,330,Indonesia,1,1987,1,3,3
1604,330,Indonesia,1,1988,1,3,3
1605,330,Indonesia,1,1992,1,3,3
1606,330,Indonesia,1,1997,1,3,3
1607,330,Indonesia,1,1998,1,3,3
1608,330,Indonesia,1,1999,1,3,3
1609,331,Morocco,1,1975,1,3,4
1610,331,Morocco,1,1976,1,4,4
1611,331,Morocco,1,1977,1,3,4
1612,331,Morocco,1,1978,1,3,4
1613,331,Morocco,1,1979,2,3,4
1614,331,Morocco,1,1980,2,3,4
1615,331,Morocco,1,1981,1,3,4
1616,331,Morocco,1,1982,1,3,4
1617,331,Morocco,1,1983,1,3,4
1618,331,Morocco,1,1984,1,3,4
1619,331,Morocco,1,1985,1,3,4
1620,331,Morocco,1,1986,1,3,4
1621,331,Morocco,1,1987,1,3,4
1622,331,Morocco,1,1988,1,3,4
1623,331,Morocco,1,1989,1,3,4
1624,332,Mozambique,2,1977,1,3,4
1625,332,Mozambique,2,1978,1,3,4
1626,332,Mozambique,2,1979,1,3,4
1627,332,Mozambique,2,1980,1,3,4
1628,332,Mozambique,2,1981,2,3,4
1629,332,Mozambique,2,1982,2,3,4
1630,332,Mozambique,2,1983,2,3,4
1631,332,Mozambique,2,1984,2,3,4
1632,332,Mozambique,2,1985,2,4,4
1633,332,Mozambique,2,1986,2,4,4
1634,332,Mozambique,2,1987,2,4,4
1635,332,Mozambique,2,1988,2,4,4
1636,332,Mozambique,2,1989,2,4,4
1637,332,Mozambique,2,1990,2,4,4
1638,332,Mozambique,2,1991,2,3,4
1639,332,Mozambique,2,1992,1,3,4
1640,332,Mozambique,2,2013,1,3,4
1641,332,Mozambique,2,2014,1,3,4
1642,332,Mozambique,2,2016,1,3,4
1643,332,Mozambique,2,2018,1,3,4
1644,332,Mozambique,2,2019,1,3,4
1645,333,Afghanistan,2,1978,2,3,3
1646,333,Afghanistan,2,1979,2,3,3
1647,333,Afghanistan,2,1993,2,3,3
1648,333,Afghanistan,2,1994,2,3,3
1649,333,Afghanistan,2,1980,2,4,3
1650,333,Afghanistan,2,1981,2,4,3
1651,333,Afghanistan,2,1982,2,4,3
1652,333,Afghanistan,2,1983,2,4,3
1653,333,Afghanistan,2,1984,2,4,3
1654,333,Afghanistan,2,1985,2,4,3
1655,333,Afghanistan,2,1986,2,4,3
1656,333,Afghanistan,2,1996,2,3,3
1657,333,Afghanistan,2,1997,2,3,3
1658,333,Afghanistan,2,1998,2,3,3
1659,333,Afghanistan,2,1999,2,3,3
1660,333,Afghanistan,2,1987,2,4,3
1661,333,Afghanistan,2,1988,2,4,3
1662,333,Afghanistan,2,1989,2,4,3
1663,333,Afghanistan,2,1990,2,3,3
1664,333,Afghanistan,2,1991,2,3,3
1665,333,Afghanistan,2,1992,2,3,3
1666,333,Afghanistan,2,1995,2,3,3
1667,333,Afghanistan,2,2000,2,3,3
1668,333,Afghanistan,2,2001,2,4,3
1669,333,Afghanistan,2,2002,1,3,3
1670,333,Afghanistan,2,2003,1,4,3
1671,334,"China, Vietnam (North Vietnam)",1,1986,1,2,3
1672,334,"China, Vietnam (North Vietnam)",1,1987,1,2,3
1673,334,"China, Vietnam (North Vietnam)",1,1988,1,2,3
1674,335,India,1,1979,1,3,3
1675,333,Afghanistan,2,2004,1,4,3
1676,333,Afghanistan,2,2005,2,4,3
1677,333,Afghanistan,2,2006,2,4,3
1678,333,Afghanistan,2,2015,2,4,3
1679,333,Afghanistan,2,2016,2,4,3
1680,333,Afghanistan,2,2017,2,4,3
1681,333,Afghanistan,2,2018,2,4,3
1682,333,Afghanistan,2,2019,2,4,3
1683,333,Afghanistan,2,2021,2,4,3
1684,333,Afghanistan,2,2022,1,3,3
1685,333,Afghanistan,2,2023,1,3,3
1686,334,"China, Vietnam (North Vietnam)",1,1974,1,2,3
1687,333,Afghanistan,2,2007,2,4,3
1688,333,Afghanistan,2,2008,2,4,3
1689,333,Afghanistan,2,2020,2,4,3
1690,334,"China, Vietnam (North Vietnam)",1,1978,1,2,3
1691,334,"China, Vietnam (North Vietnam)",1,1979,2,2,3
1692,334,"China, Vietnam (North Vietnam)",1,1980,1,2,3
1693,334,"China, Vietnam (North Vietnam)",1,1981,1,2,3
1694,334,"China, Vietnam (North Vietnam)",1,1983,1,2,3
1695,334,"China, Vietnam (North Vietnam)",1,1984,1,2,3
1696,333,Afghanistan,2,2009,2,4,3
1697,333,Afghanistan,2,2010,2,4,3
1698,335,India,1,1980,1,3,3
1699,335,India,1,1981,1,3,3
1700,335,India,1,1982,1,3,3
1701,335,India,1,1983,1,3,3
1702,335,India,1,1984,1,3,3
1703,335,India,1,1985,1,3,3
1704,335,India,1,1986,1,3,3
1705,335,India,1,1987,1,3,3
1706,333,Afghanistan,2,2011,2,4,3
1707,333,Afghanistan,2,2012,2,4,3
1708,335,India,1,1988,1,3,3
1709,335,India,1,1992,1,3,3
1710,335,India,1,1997,1,3,3
1711,335,India,1,1999,1,3,3
1712,335,India,1,2000,1,3,3
1713,333,Afghanistan,2,2013,2,4,3
1714,333,Afghanistan,2,2014,2,4,3
1715,335,India,1,2001,1,3,3
1716,335,India,1,2002,1,3,3
1717,335,India,1,2003,1,3,3
1718,335,India,1,2004,1,3,3
1719,336,Nicaragua,2,1977,1,3,5
1720,336,Nicaragua,2,1978,2,3,5
1721,336,Nicaragua,2,1979,2,3,5
1722,336,Nicaragua,2,1982,1,3,5
1723,336,Nicaragua,2,1983,2,3,5
1724,336,Nicaragua,2,1984,2,3,5
1725,336,Nicaragua,2,1985,2,3,5
1726,336,Nicaragua,2,1986,2,3,5
1727,336,Nicaragua,2,1987,2,3,5
1728,336,Nicaragua,2,1988,2,3,5
1729,336,Nicaragua,2,1989,1,3,5
1730,336,Nicaragua,2,1990,1,3,5
1731,337,Somalia,2,1982,1,3,4
1732,337,Somalia,2,1983,1,3,4
1733,337,Somalia,2,1984,1,3,4
1734,337,Somalia,2,1986,1,3,4
1735,337,Somalia,2,1987,1,3,4
1736,337,Somalia,2,1988,2,3,4
1737,337,Somalia,2,1989,1,3,4
1738,337,Somalia,2,1990,2,3,4
1739,337,Somalia,2,1991,2,3,4
1740,337,Somalia,2,1992,2,3,4
1741,337,Somalia,2,1993,1,3,4
1742,337,Somalia,2,1994,1,3,4
1743,337,Somalia,2,1995,1,3,4
1744,337,Somalia,2,1996,1,3,4
1745,337,Somalia,2,2001,1,3,4
1746,337,Somalia,2,2002,1,3,4
1747,337,Somalia,2,2006,1,4,4
1748,337,Somalia,2,2007,2,4,4
1749,337,Somalia,2,2008,2,4,4
1750,337,Somalia,2,2009,2,4,4
1751,337,Somalia,2,2010,2,4,4
1752,337,Somalia,2,2011,2,4,4
1753,337,Somalia,2,2012,2,4,4
1754,337,Somalia,2,2013,1,4,4
1755,337,Somalia,2,2014,2,4,4
1756,337,Somalia,2,2015,2,4,4
1757,337,Somalia,2,2016,2,4,4
1758,337,Somalia,2,2017,2,4,4
1759,337,Somalia,2,2018,2,4,4
1760,337,Somalia,2,2019,2,4,4
1761,338,Iran,2,1979,1,3,2
1762,338,Iran,2,1980,1,3,2
1763,338,Iran,2,1981,2,3,2
1764,338,Iran,2,1982,2,3,2
1765,338,Iran,2,1986,1,3,2
1766,337,Somalia,2,2020,2,4,4
1767,337,Somalia,2,2021,2,4,4
1768,337,Somalia,2,2022,2,4,4
1769,337,Somalia,2,2023,2,4,4
1770,338,Iran,2,1987,1,3,2
1771,338,Iran,2,1988,1,3,2
1772,338,Iran,2,1991,1,3,2
1773,338,Iran,2,1993,1,3,2
1774,338,Iran,2,1997,1,3,2
1775,338,Iran,2,1999,1,3,2
1776,338,Iran,2,2000,1,3,2
1777,338,Iran,2,2001,1,3,2
1778,338,Iran,2,2005,1,3,2
1779,338,Iran,2,2006,1,3,2
1780,338,Iran,2,2007,1,3,2
1781,338,Iran,2,2008,1,3,2
1782,338,Iran,2,2009,1,3,2
1783,338,Iran,2,2010,1,3,2
1784,338,Iran,2,2011,1,3,2
1785,338,Iran,2,2018,1,3,2
1786,338,Iran,2,2019,1,3,2
1787,338,Iran,2,2020,1,3,2
1788,338,Iran,2,2021,1,3,2
1789,338,Iran,2,2023,1,3,2
1790,339,Iran,1,1979,1,3,2
1791,339,Iran,1,1980,1,3,2
1792,340,Saudi Arabia,2,1979,1,3,2
1793,341,Liberia,2,1980,1,3,4
1794,341,Liberia,2,1989,1,3,4
1795,341,Liberia,2,1990,1,3,4
1796,341,Liberia,2,2000,1,3,4
1797,341,Liberia,2,2001,1,3,4
1798,341,Liberia,2,2002,1,3,4
1799,341,Liberia,2,2003,2,3,4
1800,342,Spain,1,1978,1,3,1
1801,342,Spain,1,1979,1,3,1
1802,342,Spain,1,1980,1,3,1
1803,342,Spain,1,1981,1,3,1
1804,342,Spain,1,1982,1,3,1
1805,342,Spain,1,1985,1,3,1
1806,342,Spain,1,1986,1,3,1
1807,342,Spain,1,1987,1,3,1
1808,342,Spain,1,1991,1,3,1
1809,343,Tunisia,2,1980,1,3,4
1810,343,Tunisia,2,2013,1,3,4
1811,343,Tunisia,2,2014,1,3,4
1812,343,Tunisia,2,2015,1,3,4
1813,344,Gambia,2,1981,1,4,4
1814,345,South Africa,2,1981,1,3,4
1815,345,South Africa,2,1982,1,3,4
1816,345,South Africa,2,1983,1,3,4
1817,345,South Africa,2,1985,1,3,4
1818,345,South Africa,2,1986,1,3,4
1819,345,South Africa,2,1987,1,3,4
1820,345,South Africa,2,1988,1,3,4
1821,346,"Argentina, United Kingdom",1,1982,1,2,"1, 5"
1822,347,India,1,1982,1,3,3
1823,347,India,1,1983,1,3,3
1824,347,India,1,1984,1,3,3
1825,347,India,1,1985,1,3,3
1826,347,India,1,1986,1,3,3
1827,347,India,1,1987,1,3,3
1828,347,India,1,1988,1,3,3
1829,347,India,1,1993,1,3,3
1830,347,India,1,1994,1,3,3
1831,347,India,1,1995,1,3,3
1832,347,India,1,1996,1,3,3
1833,347,India,1,1998,1,3,3
1834,347,India,1,1999,1,3,3
1835,347,India,1,2000,1,3,3
1836,347,India,1,2003,1,3,3
1837,347,India,1,2004,1,3,3
1838,347,India,1,2005,1,3,3
1839,347,India,1,2006,1,3,3
1840,347,India,1,2007,1,3,3
1841,347,India,1,2008,1,3,3
1842,347,India,1,2009,1,3,3
1843,348,Kenya,2,1982,1,3,4
1844,349,"Chad, Nigeria",1,1983,1,2,4
1845,350,"Grenada, United States of America",2,1983,1,2,5
1846,351,India,1,1983,1,3,3
1847,351,India,1,1984,1,3,3
1848,351,India,1,1985,1,3,3
1849,351,India,1,1986,1,3,3
1850,351,India,1,1987,1,3,3
1851,351,India,1,1988,2,3,3
1852,351,India,1,1989,1,3,3
1853,351,India,1,1990,2,3,3
1854,351,India,1,1991,2,3,3
1855,351,India,1,1992,2,3,3
1856,351,India,1,1993,1,3,3
1857,352,Sri Lanka,1,1984,1,3,3
1858,352,Sri Lanka,1,1985,1,3,3
1859,352,Sri Lanka,1,1986,1,3,3
1860,352,Sri Lanka,1,1987,2,3,3
1861,352,Sri Lanka,1,1988,1,3,3
1862,352,Sri Lanka,1,1989,1,3,3
1863,352,Sri Lanka,1,1990,2,3,3
1864,352,Sri Lanka,1,1991,2,3,3
1865,352,Sri Lanka,1,1992,2,3,3
1866,352,Sri Lanka,1,1993,2,3,3
1867,352,Sri Lanka,1,1994,1,3,3
1868,352,Sri Lanka,1,1995,2,3,3
1869,352,Sri Lanka,1,1996,2,3,3
1870,352,Sri Lanka,1,1997,2,3,3
1871,352,Sri Lanka,1,1998,2,3,3
1872,352,Sri Lanka,1,1999,2,3,3
1873,352,Sri Lanka,1,2000,2,3,3
1874,352,Sri Lanka,1,2001,2,3,3
1875,352,Sri Lanka,1,2003,1,3,3
1876,352,Sri Lanka,1,2005,1,3,3
1877,352,Sri Lanka,1,2006,2,3,3
1878,352,Sri Lanka,1,2007,2,3,3
1879,352,Sri Lanka,1,2008,2,3,3
1880,352,Sri Lanka,1,2009,2,3,3
1881,353,Cameroon,2,1960,2,4,4
1882,353,Cameroon,2,1961,1,3,4
1883,353,Cameroon,2,1984,1,3,4
1884,353,Cameroon,2,2015,1,4,4
1885,353,Cameroon,2,2016,1,3,4
1886,353,Cameroon,2,2017,1,3,4
1887,353,Cameroon,2,2020,1,3,4
1888,353,Cameroon,2,2022,1,3,4
1889,353,Cameroon,2,2023,1,3,4
1890,354,Turkey,1,1984,1,3,2
1891,354,Turkey,1,1985,1,3,2
1892,354,Turkey,1,1986,1,3,2
1893,354,Turkey,1,1987,1,3,2
1894,354,Turkey,1,1988,1,3,2
1895,354,Turkey,1,1989,1,3,2
1896,354,Turkey,1,1990,1,3,2
1897,354,Turkey,1,1991,1,3,2
1898,354,Turkey,1,1992,2,3,2
1899,354,Turkey,1,1993,2,3,2
1900,354,Turkey,1,1994,2,3,2
1901,354,Turkey,1,1995,2,3,2
1902,354,Turkey,1,1996,2,3,2
1903,354,Turkey,1,1997,2,3,2
1904,354,Turkey,1,1998,2,3,2
1905,354,Turkey,1,1999,2,3,2
1906,354,Turkey,1,2000,1,3,2
1907,354,Turkey,1,2001,1,3,2
1908,354,Turkey,1,2002,1,3,2
1909,354,Turkey,1,2003,1,3,2
1910,354,Turkey,1,2004,1,3,2
1911,354,Turkey,1,2005,1,3,2
1912,354,Turkey,1,2006,1,3,2
1913,354,Turkey,1,2007,1,3,2
1914,354,Turkey,1,2008,1,3,2
1915,354,Turkey,1,2009,1,3,2
1916,354,Turkey,1,2010,1,3,2
1917,354,Turkey,1,2011,1,3,2
1918,354,Turkey,1,2012,1,3,2
1919,354,Turkey,1,2013,1,3,2
1920,354,Turkey,1,2015,1,3,2
1921,354,Turkey,1,2016,2,3,2
1922,354,Turkey,1,2017,1,3,2
1923,354,Turkey,1,2018,1,3,2
1924,354,Turkey,1,2019,1,3,2
1925,354,Turkey,1,2020,1,3,2
1926,354,Turkey,1,2021,1,3,2
1927,354,Turkey,1,2022,1,3,2
1928,354,Turkey,1,2023,1,3,2
1929,355,"Burkina Faso, Mali",1,1985,1,2,4
1930,356,"Laos, Thailand",1,1986,1,2,3
1931,356,"Laos, Thailand",1,1987,1,2,3
1932,356,"Laos, Thailand",1,1988,1,2,3
1933,357,Suriname,2,1987,1,3,5
1934,358,Togo,2,1986,1,3,4
1935,358,Togo,2,2022,1,3,4
1936,358,Togo,2,2023,1,3,4
1937,359,South Yemen,2,1986,2,3,2
1938,360,Burkina Faso,2,1987,1,3,4
1939,360,Burkina Faso,2,2018,1,4,4
1940,360,Burkina Faso,2,2019,1,4,4
1941,360,Burkina Faso,2,2020,1,4,4
1942,360,Burkina Faso,2,2021,1,4,4
1943,360,Burkina Faso,2,2022,2,4,4
1944,360,Burkina Faso,2,2023,2,4,4
1945,361,"Chad, Libya",1,1987,2,2,4
1946,362,Comoros,2,1989,1,3,4
1947,363,Ethiopia,1,1975,1,3,4
1948,363,Ethiopia,1,1976,1,3,4
1949,363,Ethiopia,1,1996,1,3,4
1950,364,India,1,1990,1,3,3
1951,364,India,1,1991,1,3,3
1952,364,India,1,1992,1,3,3
1953,364,India,1,1993,1,3,3
1954,364,India,1,1994,1,3,3
1955,364,India,1,1995,1,3,3
1956,364,India,1,1996,1,3,3
1957,364,India,1,1997,1,3,3
1958,364,India,1,1998,1,3,3
1959,364,India,1,1999,1,3,3
1960,364,India,1,2000,2,3,3
1961,364,India,1,2001,1,3,3
1962,364,India,1,2002,2,3,3
1963,364,India,1,2003,2,3,3
1964,364,India,1,2004,2,3,3
1965,364,India,1,2005,2,3,3
1966,364,India,1,2006,1,3,3
1967,364,India,1,2007,1,3,3
1968,364,India,1,2008,1,3,3
1969,364,India,1,2009,1,3,3
1970,364,India,1,2010,1,3,3
1971,364,India,1,2011,1,3,3
1972,364,India,1,2012,1,3,3
1973,364,India,1,2013,1,3,3
1974,364,India,1,2014,1,3,3
1975,364,India,1,2015,1,3,3
1976,364,India,1,2016,1,3,3
1977,364,India,1,2017,1,3,3
1978,364,India,1,2018,1,3,3
1979,364,India,1,2019,1,3,3
1980,364,India,1,2020,1,3,3
1981,364,India,1,2021,1,3,3
1982,364,India,1,2022,1,3,3
1983,364,India,1,2023,1,3,3
1984,365,India,1,1990,1,3,3
1985,365,India,1,1994,1,3,3
1986,365,India,1,1995,1,3,3
1987,365,India,1,1996,1,3,3
1988,365,India,1,1997,1,3,3
1989,365,India,1,1998,1,3,3
1990,365,India,1,1999,1,3,3
1991,365,India,1,2000,1,3,3
1992,365,India,1,2001,1,3,3
1993,365,India,1,2002,1,3,3
1994,365,India,1,2003,1,3,3
1995,365,India,1,2004,1,3,3
1996,365,India,1,2005,1,3,3
1997,365,India,1,2006,1,3,3
1998,365,India,1,2007,1,3,3
1999,365,India,1,2008,1,3,3
2000,365,India,1,2009,1,3,3
2001,365,India,1,2010,1,3,3
2002,366,Indonesia,1,1990,1,3,3
2003,366,Indonesia,1,1991,1,3,3
2004,366,Indonesia,1,1999,1,3,3
2005,366,Indonesia,1,2000,1,3,3
2006,366,Indonesia,1,2001,1,3,3
2007,366,Indonesia,1,2002,1,3,3
2008,366,Indonesia,1,2003,1,3,3
2009,366,Indonesia,1,2004,1,3,3
2010,366,Indonesia,1,2005,1,3,3
2011,367,Panama,2,1989,1,3,5
2012,368,"Panama, United States of America",2,1989,1,2,5
2013,369,Papua New Guinea,1,1990,1,3,3
2014,369,Papua New Guinea,1,1992,1,3,3
2015,369,Papua New Guinea,1,1993,1,3,3
2016,369,Papua New Guinea,1,1994,1,3,3
2017,369,Papua New Guinea,1,1995,1,3,3
2018,369,Papua New Guinea,1,1996,1,3,3
2019,370,Romania,2,1989,1,3,1
2020,371,"Iraq, Kuwait",1,1990,2,2,2
2021,372,Mali,1,1990,1,3,4
2022,372,Mali,1,1991,1,3,4
2023,372,Mali,1,1994,1,3,4
2024,372,Mali,1,2007,1,3,4
2025,371,"Iraq, Kuwait",1,1991,2,2,2
2026,372,Mali,1,2008,1,3,4
2027,372,Mali,1,2009,1,3,4
2028,372,Mali,1,2012,1,3,4
2029,372,Mali,1,2014,1,3,4
2030,372,Mali,1,2015,1,4,4
2031,373,Niger,1,1994,1,3,4
2032,374,Rwanda,2,1990,2,4,4
2033,374,Rwanda,2,1991,1,3,4
2034,374,Rwanda,2,1992,1,3,4
2035,374,Rwanda,2,1993,1,3,4
2036,374,Rwanda,2,1994,2,3,4
2037,374,Rwanda,2,1996,1,3,4
2038,374,Rwanda,2,1997,2,3,4
2039,374,Rwanda,2,1998,2,3,4
2040,374,Rwanda,2,1999,1,3,4
2041,374,Rwanda,2,2000,1,3,4
2042,374,Rwanda,2,2001,2,3,4
2043,374,Rwanda,2,2002,1,3,4
2044,374,Rwanda,2,2009,2,4,4
2045,374,Rwanda,2,2010,1,4,4
2046,374,Rwanda,2,2011,1,4,4
2047,374,Rwanda,2,2012,1,4,4
2048,374,Rwanda,2,2016,1,4,4
2049,374,Rwanda,2,2019,1,4,4
2050,374,Rwanda,2,2020,1,4,4
2051,374,Rwanda,2,2022,1,3,4
2052,374,Rwanda,2,2023,1,3,4
2053,375,Senegal,1,1990,1,3,4
2054,375,Senegal,1,1992,1,3,4
2055,375,Senegal,1,1993,1,3,4
2056,375,Senegal,1,1995,1,3,4
2057,375,Senegal,1,1997,1,3,4
2058,375,Senegal,1,1998,1,3,4
2059,375,Senegal,1,2000,1,3,4
2060,375,Senegal,1,2001,1,3,4
2061,375,Senegal,1,2003,1,3,4
2062,375,Senegal,1,2011,1,3,4
2063,376,Russia (Soviet Union),1,1990,1,3,1
2064,376,Russia (Soviet Union),1,1991,1,3,1
2065,377,Russia (Soviet Union),1,1990,1,3,1
2066,378,Trinidad and Tobago,2,1990,1,3,5
2067,379,Djibouti,2,1991,1,3,4
2068,379,Djibouti,2,1992,1,3,4
2069,379,Djibouti,2,1993,1,3,4
2070,379,Djibouti,2,1994,1,3,4
2071,379,Djibouti,2,1999,1,3,4
2072,380,Georgia,2,1991,1,3,1
2073,380,Georgia,2,1992,1,3,1
2074,380,Georgia,2,1993,1,3,1
2075,381,Haiti,2,1989,1,3,5
2076,381,Haiti,2,1991,1,3,5
2077,381,Haiti,2,2004,1,3,5
2078,382,Sierra Leone,2,1991,1,4,4
2079,382,Sierra Leone,2,1992,1,4,4
2080,382,Sierra Leone,2,1993,1,4,4
2081,382,Sierra Leone,2,1994,1,4,4
2082,382,Sierra Leone,2,1995,2,4,4
2083,382,Sierra Leone,2,1996,1,4,4
2084,382,Sierra Leone,2,1997,1,4,4
2085,382,Sierra Leone,2,2000,1,4,4
2086,382,Sierra Leone,2,2001,1,3,4
2087,383,Turkey,2,1991,1,3,2
2088,383,Turkey,2,1992,1,3,2
2089,382,Sierra Leone,2,1998,2,4,4
2090,382,Sierra Leone,2,1999,2,4,4
2091,383,Turkey,2,1993,1,3,2
2092,383,Turkey,2,2000,1,3,2
2093,383,Turkey,2,2005,1,3,2
2094,383,Turkey,2,2016,1,3,2
2095,384,Serbia (Yugoslavia),1,1991,1,3,1
2096,385,Serbia (Yugoslavia),1,1991,2,3,1
2097,385,Serbia (Yugoslavia),1,1992,1,3,1
2098,386,Algeria,2,1991,1,3,4
2099,386,Algeria,2,1992,1,3,4
2100,386,Algeria,2,1993,1,3,4
2101,386,Algeria,2,1994,2,3,4
2102,386,Algeria,2,1995,2,3,4
2103,386,Algeria,2,1996,2,3,4
2104,386,Algeria,2,1997,2,3,4
2105,386,Algeria,2,1998,2,3,4
2106,386,Algeria,2,1999,2,3,4
2107,386,Algeria,2,2000,1,3,4
2108,386,Algeria,2,2001,1,3,4
2109,386,Algeria,2,2002,1,3,4
2110,386,Algeria,2,2003,1,3,4
2111,386,Algeria,2,2004,1,4,4
2112,386,Algeria,2,2005,1,3,4
2113,386,Algeria,2,2006,1,3,4
2114,386,Algeria,2,2007,1,3,4
2115,386,Algeria,2,2008,1,3,4
2116,386,Algeria,2,2009,1,3,4
2117,386,Algeria,2,2010,1,3,4
2118,386,Algeria,2,2011,1,3,4
2119,386,Algeria,2,2012,1,3,4
2120,386,Algeria,2,2013,1,3,4
2121,386,Algeria,2,2014,1,3,4
2122,386,Algeria,2,2015,1,3,4
2123,386,Algeria,2,2016,1,3,4
2124,386,Algeria,2,2017,1,3,4
2125,386,Algeria,2,2018,1,3,4
2126,386,Algeria,2,2020,1,3,4
2127,387,Angola,1,1991,1,3,4
2128,387,Angola,1,1992,1,3,4
2129,387,Angola,1,1994,1,3,4
2130,387,Angola,1,1995,1,3,4
2131,387,Angola,1,1996,1,3,4
2132,387,Angola,1,1997,1,3,4
2133,387,Angola,1,1998,1,3,4
2134,387,Angola,1,2002,1,3,4
2135,387,Angola,1,2003,1,3,4
2136,387,Angola,1,2004,1,3,4
2137,387,Angola,1,2007,1,3,4
2138,387,Angola,1,2009,1,3,4
2139,387,Angola,1,2016,1,3,4
2140,387,Angola,1,2017,1,3,4
2141,387,Angola,1,2019,1,3,4
2142,387,Angola,1,2020,1,3,4
2143,387,Angola,1,2022,1,3,4
2144,388,Azerbaijan,1,1991,1,4,1
2145,388,Azerbaijan,1,1992,2,4,1
2146,388,Azerbaijan,1,1993,2,4,1
2147,388,Azerbaijan,1,1994,2,3,1
2148,388,Azerbaijan,1,1997,1,4,1
2149,388,Azerbaijan,1,1998,1,4,1
2150,388,Azerbaijan,1,2005,1,4,1
2151,388,Azerbaijan,1,2008,1,4,1
2152,388,Azerbaijan,1,2012,1,4,1
2153,388,Azerbaijan,1,2014,1,4,1
2154,388,Azerbaijan,1,2015,1,4,1
2155,388,Azerbaijan,1,2016,1,4,1
2156,388,Azerbaijan,1,2017,1,4,1
2157,388,Azerbaijan,1,2020,2,4,1
2158,388,Azerbaijan,1,2021,1,4,1
2159,388,Azerbaijan,1,2022,1,4,1
2160,388,Azerbaijan,1,2023,1,4,1
2161,389,Bosnia-Herzegovina,1,1992,2,4,1
2162,389,Bosnia-Herzegovina,1,1993,2,4,1
2163,389,Bosnia-Herzegovina,1,1994,2,3,1
2164,390,Croatia,1,1993,1,4,1
2165,390,Croatia,1,1994,1,3,1
2166,389,Bosnia-Herzegovina,1,1995,2,3,1
2167,390,Croatia,1,1992,2,4,1
2168,390,Croatia,1,1995,2,3,1
2169,391,Egypt,2,1993,1,3,2
2170,391,Egypt,2,1994,1,3,2
2171,391,Egypt,2,1995,1,3,2
2172,391,Egypt,2,1996,1,3,2
2173,391,Egypt,2,1997,1,3,2
2174,391,Egypt,2,1998,1,3,2
2175,391,Egypt,2,2014,1,3,2
2176,391,Egypt,2,2017,1,3,2
2177,391,Egypt,2,2018,1,3,2
2178,391,Egypt,2,2019,1,3,2
2179,392,Georgia,1,1992,1,3,1
2180,392,Georgia,1,1993,2,3,1
2181,393,Georgia,1,1992,1,3,1
2182,393,Georgia,1,2004,1,3,1
2183,393,Georgia,1,2008,1,4,1
2184,394,Moldova,1,1992,1,3,1
2185,395,Tajikistan,2,1992,2,4,3
2186,395,Tajikistan,2,1993,2,4,3
2187,395,Tajikistan,2,1994,1,4,3
2188,395,Tajikistan,2,1995,1,4,3
2189,395,Tajikistan,2,1996,2,4,3
2190,395,Tajikistan,2,1997,1,3,3
2191,395,Tajikistan,2,1998,1,3,3
2192,395,Tajikistan,2,2000,1,3,3
2193,395,Tajikistan,2,2010,1,3,3
2194,395,Tajikistan,2,2011,1,3,3
2195,396,Azerbaijan,2,1993,1,3,1
2196,396,Azerbaijan,2,1995,1,3,1
2197,397,Bosnia-Herzegovina,1,1993,1,3,1
2198,397,Bosnia-Herzegovina,1,1994,2,3,1
2199,397,Bosnia-Herzegovina,1,1995,1,3,1
2200,398,Bosnia-Herzegovina,1,1992,1,3,1
2201,398,Bosnia-Herzegovina,1,1993,2,4,1
2202,398,Bosnia-Herzegovina,1,1994,1,3,1
2203,399,Russia (Soviet Union),2,1993,1,3,1
2204,399,Russia (Soviet Union),2,2023,1,3,1
2205,400,Mexico,2,1994,1,3,5
2206,400,Mexico,2,1996,1,3,5
2207,401,Russia (Soviet Union),1,1994,1,3,1
2208,401,Russia (Soviet Union),1,1995,2,3,1
2209,401,Russia (Soviet Union),1,1996,2,3,1
2210,401,Russia (Soviet Union),1,1999,2,3,1
2211,401,Russia (Soviet Union),1,2000,2,3,1
2212,401,Russia (Soviet Union),1,2001,1,3,1
2213,401,Russia (Soviet Union),1,2002,2,3,1
2214,401,Russia (Soviet Union),1,2003,1,3,1
2215,401,Russia (Soviet Union),1,2004,2,3,1
2216,401,Russia (Soviet Union),1,2005,1,3,1
2217,401,Russia (Soviet Union),1,2006,1,3,1
2218,401,Russia (Soviet Union),1,2007,1,3,1
2219,402,Yemen (North Yemen),1,1994,2,3,2
2220,403,"Ecuador, Peru",1,1995,1,2,5
2221,404,Pakistan,2,1990,1,3,3
2222,404,Pakistan,2,1994,1,3,3
2223,404,Pakistan,2,1995,1,3,3
2224,404,Pakistan,2,1996,1,3,3
2225,404,Pakistan,2,2007,1,3,3
2226,404,Pakistan,2,2008,2,3,3
2227,404,Pakistan,2,2009,2,3,3
2228,404,Pakistan,2,2010,2,3,3
2229,404,Pakistan,2,2011,2,3,3
2230,404,Pakistan,2,2012,2,3,3
2231,404,Pakistan,2,2013,2,3,3
2232,404,Pakistan,2,2014,2,3,3
2233,404,Pakistan,2,2015,2,4,3
2234,404,Pakistan,2,2016,1,4,3
2235,404,Pakistan,2,2017,1,4,3
2236,404,Pakistan,2,2018,1,4,3
2237,404,Pakistan,2,2019,1,3,3
2238,404,Pakistan,2,2020,1,3,3
2239,404,Pakistan,2,2021,1,3,3
2240,404,Pakistan,2,2022,1,3,3
2241,404,Pakistan,2,2023,1,3,3
2242,405,"Cameroon, Nigeria",1,1996,1,2,4
2243,406,Niger,1,1995,1,3,4
2244,407,Comoros,1,1997,1,3,4
2245,408,Congo,2,1993,1,3,4
2246,408,Congo,2,1997,2,4,4
2247,408,Congo,2,1998,2,4,4
2248,408,Congo,2,1999,1,4,4
2249,408,Congo,2,2002,1,4,4
2250,408,Congo,2,2016,1,3,4
2251,409,"Eritrea, Ethiopia",1,1998,2,2,4
2252,409,"Eritrea, Ethiopia",1,1999,2,2,4
2253,409,"Eritrea, Ethiopia",1,2000,2,2,4
2254,409,"Eritrea, Ethiopia",1,2016,1,2,4
2255,410,Guinea-Bissau,2,1998,1,4,4
2256,410,Guinea-Bissau,2,1999,1,4,4
2257,411,Lesotho,2,1998,1,4,4
2258,412,Serbia (Yugoslavia),1,1998,2,3,1
2259,412,Serbia (Yugoslavia),1,1999,2,4,1
2260,413,Ethiopia,1,1977,1,3,4
2261,413,Ethiopia,1,1978,1,3,4
2262,413,Ethiopia,1,1980,1,4,4
2263,413,Ethiopia,1,1981,2,3,4
2264,413,Ethiopia,1,1983,1,3,4
2265,413,Ethiopia,1,1984,1,3,4
2266,413,Ethiopia,1,1985,1,3,4
2267,413,Ethiopia,1,1986,1,3,4
2268,413,Ethiopia,1,1987,1,3,4
2269,413,Ethiopia,1,1988,1,3,4
2270,413,Ethiopia,1,1989,1,3,4
2271,413,Ethiopia,1,1990,1,3,4
2272,413,Ethiopia,1,1991,1,3,4
2273,413,Ethiopia,1,1992,1,3,4
2274,413,Ethiopia,1,1994,1,3,4
2275,413,Ethiopia,1,1995,1,3,4
2276,413,Ethiopia,1,1998,1,3,4
2277,413,Ethiopia,1,1999,1,3,4
2278,413,Ethiopia,1,2000,1,3,4
2279,413,Ethiopia,1,2001,1,3,4
2280,413,Ethiopia,1,2002,1,3,4
2281,413,Ethiopia,1,2003,1,3,4
2282,413,Ethiopia,1,2004,1,3,4
2283,413,Ethiopia,1,2005,1,3,4
2284,413,Ethiopia,1,2006,1,3,4
2285,413,Ethiopia,1,2007,1,3,4
2286,413,Ethiopia,1,2008,1,3,4
2287,413,Ethiopia,1,2009,1,3,4
2288,413,Ethiopia,1,2010,1,3,4
2289,413,Ethiopia,1,2011,1,3,4
2290,413,Ethiopia,1,2012,1,3,4
2291,413,Ethiopia,1,2013,1,3,4
2292,413,Ethiopia,1,2015,1,3,4
2293,413,Ethiopia,1,2016,1,3,4
2294,413,Ethiopia,1,2019,1,3,4
2295,413,Ethiopia,1,2020,1,3,4
2296,413,Ethiopia,1,2021,1,3,4
2297,413,Ethiopia,1,2022,1,4,4
2298,413,Ethiopia,1,2023,1,3,4
2299,414,Russia (Soviet Union),1,1999,1,3,1
2300,415,Uzbekistan,2,1999,1,3,3
2301,415,Uzbekistan,2,2000,1,4,3
2302,415,Uzbekistan,2,2004,1,3,3
2303,416,Central African Republic,2,2001,1,4,4
2304,416,Central African Republic,2,2002,1,3,4
2305,416,Central African Republic,2,2006,1,4,4
2306,416,Central African Republic,2,2009,1,3,4
2307,416,Central African Republic,2,2010,1,3,4
2308,416,Central African Republic,2,2011,1,3,4
2309,416,Central African Republic,2,2012,1,4,4
2310,416,Central African Republic,2,2013,1,4,4
2311,417,North Macedonia,2,2001,1,3,1
2312,418,United States of America,2,2001,2,4,5
2313,418,United States of America,2,2019,1,4,5
2314,419,Ivory Coast,2,2002,1,3,4
2315,416,Central African Republic,2,2014,1,4,4
2316,416,Central African Republic,2,2017,1,4,4
2317,418,United States of America,2,2002,1,4,5
2318,419,Ivory Coast,2,2003,1,3,4
2319,419,Ivory Coast,2,2004,1,3,4
2320,419,Ivory Coast,2,2011,1,3,4
2321,421,India,1,1989,1,3,3
2322,416,Central African Republic,2,2018,1,4,4
2323,416,Central African Republic,2,2019,1,4,4
2324,418,United States of America,2,2003,1,4,5
2325,418,United States of America,2,2004,1,4,5
2326,421,India,1,1990,1,3,3
2327,416,Central African Republic,2,2020,1,4,4
2328,416,Central African Republic,2,2021,1,4,4
2329,418,United States of America,2,2005,1,4,5
2330,418,United States of America,2,2006,1,4,5
2331,421,India,1,1994,1,3,3
2332,421,India,1,1996,1,3,3
2333,421,India,1,1997,1,3,3
2334,416,Central African Republic,2,2022,1,4,4
2335,416,Central African Republic,2,2023,1,4,4
2336,418,United States of America,2,2007,1,4,5
2337,421,India,1,1998,1,3,3
2338,421,India,1,1999,1,3,3
2339,421,India,1,2001,1,3,3
2340,421,India,1,2002,1,3,3
2341,418,United States of America,2,2008,1,4,5
2342,418,United States of America,2,2009,1,4,5
2343,418,United States of America,2,2010,1,4,5
2344,418,United States of America,2,2011,1,4,5
2345,418,United States of America,2,2012,1,4,5
2346,418,United States of America,2,2013,1,4,5
2347,418,United States of America,2,2014,1,4,5
2348,418,United States of America,2,2015,1,4,5
2349,418,United States of America,2,2016,1,4,5
2350,418,United States of America,2,2017,1,4,5
2351,420,"Australia, Iraq, United Kingdom, United States of America",2,2003,2,2,"1, 2, 3, 5"
2352,421,India,1,2003,1,3,3
2353,421,India,1,2004,1,3,3
2354,421,India,1,2009,1,3,3
2355,421,India,1,2010,1,3,3
2356,421,India,1,2013,1,3,3
2357,421,India,1,2014,1,3,3
2358,422,Myanmar (Burma),1,1997,1,3,3
2359,423,Thailand,1,2003,1,3,3
2360,423,Thailand,1,2004,1,3,3
2361,423,Thailand,1,2005,1,3,3
2362,423,Thailand,1,2006,1,3,3
2363,423,Thailand,1,2007,1,3,3
2364,423,Thailand,1,2008,1,3,3
2365,423,Thailand,1,2009,1,3,3
2366,423,Thailand,1,2010,1,3,3
2367,423,Thailand,1,2011,1,3,3
2368,423,Thailand,1,2012,1,3,3
2369,423,Thailand,1,2013,1,3,3
2370,423,Thailand,1,2014,1,3,3
2371,423,Thailand,1,2015,1,3,3
2372,423,Thailand,1,2016,1,3,3
2373,423,Thailand,1,2017,1,3,3
2374,423,Thailand,1,2018,1,3,3
2375,423,Thailand,1,2019,1,3,3
2376,423,Thailand,1,2020,1,3,3
2377,423,Thailand,1,2021,1,3,3
2378,423,Thailand,1,2022,1,3,3
2379,423,Thailand,1,2023,1,3,3
2380,424,Nigeria,1,2004,1,3,4
2381,425,Nigeria,1,2004,1,3,4
2382,426,Israel,1,1990,1,3,2
2383,426,Israel,1,1991,1,3,2
2384,426,Israel,1,1992,1,3,2
2385,426,Israel,1,1993,1,3,2
2386,426,Israel,1,1994,1,3,2
2387,426,Israel,1,1995,1,3,2
2388,426,Israel,1,1996,1,3,2
2389,426,Israel,1,1997,1,3,2
2390,426,Israel,1,1998,1,3,2
2391,426,Israel,1,1999,1,3,2
2392,426,Israel,1,2006,1,3,2
2393,426,Israel,1,2023,1,3,2
2394,427,"Tanzania, Uganda",1,1978,1,2,4
2395,428,Mauritania,1,1975,1,3,4
2396,428,Mauritania,1,1976,1,3,4
2397,428,Mauritania,1,1977,1,3,4
2398,428,Mauritania,1,1978,1,3,4
2399,429,DR Congo (Zaire),1,2007,1,3,4
2400,429,DR Congo (Zaire),1,2008,1,3,4
2401,429,DR Congo (Zaire),1,2017,1,4,4
2402,429,DR Congo (Zaire),1,2020,1,4,4
2403,430,Niger,2,1991,1,3,4
2404,430,Niger,2,1992,1,3,4
2405,430,Niger,2,1997,1,3,4
2406,430,Niger,2,2007,1,3,4
2407,430,Niger,2,2008,1,3,4
2408,430,Niger,2,2023,1,4,4
2409,431,"Afghanistan, Russia (Soviet Union)",2,1979,1,2,"1, 3"
2410,430,Niger,2,2021,1,4,4
2411,430,Niger,2,2022,1,4,4
2412,432,Russia (Soviet Union),1,2007,1,3,1
2413,432,Russia (Soviet Union),1,2008,1,3,1
2414,432,Russia (Soviet Union),1,2009,1,3,1
2415,432,Russia (Soviet Union),1,2010,1,3,1
2416,432,Russia (Soviet Union),1,2011,1,3,1
2417,432,Russia (Soviet Union),1,2012,1,3,1
2418,432,Russia (Soviet Union),1,2013,1,3,1
2419,432,Russia (Soviet Union),1,2014,1,3,1
2420,432,Russia (Soviet Union),1,2015,1,3,1
2421,434,India,1,2008,1,3,3
2422,435,"Djibouti, Eritrea",1,2008,1,2,4
2423,436,Ethiopia,1,1977,1,3,4
2424,436,Ethiopia,1,1978,1,3,4
2425,436,Ethiopia,1,1979,1,3,4
2426,436,Ethiopia,1,1980,1,4,4
2427,437,Ethiopia,1,1981,2,3,4
2428,437,Ethiopia,1,1983,1,3,4
2429,439,Myanmar (Burma),1,2009,1,3,3
2430,439,Myanmar (Burma),1,2014,1,3,3
2431,439,Myanmar (Burma),1,2015,1,3,3
2432,439,Myanmar (Burma),1,2017,1,3,3
2433,439,Myanmar (Burma),1,2021,1,3,3
2434,439,Myanmar (Burma),1,2023,1,3,3
2435,440,Myanmar (Burma),1,1973,1,3,3
2436,440,Myanmar (Burma),1,1974,1,3,3
2437,440,Myanmar (Burma),1,1975,1,3,3
2438,440,Myanmar (Burma),1,1976,1,3,3
2439,440,Myanmar (Burma),1,1977,1,3,3
2440,440,Myanmar (Burma),1,1978,1,3,3
2441,440,Myanmar (Burma),1,1979,1,3,3
2442,440,Myanmar (Burma),1,1980,1,3,3
2443,440,Myanmar (Burma),1,1981,1,3,3
2444,440,Myanmar (Burma),1,1982,1,3,3
2445,442,Mauritania,2,2010,1,4,4
2446,11342,India,1,2012,1,3,3
2447,11342,India,1,2014,1,3,3
2448,11343,"Egypt, Israel",1,1967,2,2,2
2449,11343,"Egypt, Israel",1,1969,1,2,2
2450,11343,"Egypt, Israel",1,1970,1,2,2
2451,11343,"Egypt, Israel",1,1973,2,2,2
2452,11344,Sudan,1,2011,1,3,4
2453,11345,South Sudan,2,2011,1,3,4
2454,11345,South Sudan,2,2012,1,3,4
2455,11345,South Sudan,2,2013,1,3,4
2456,11345,South Sudan,2,2014,2,4,4
2457,11345,South Sudan,2,2015,1,4,4
2458,11345,South Sudan,2,2016,1,3,4
2459,11345,South Sudan,2,2017,1,3,4
2460,11345,South Sudan,2,2018,1,3,4
2461,11345,South Sudan,2,2019,1,3,4
2462,11345,South Sudan,2,2020,1,3,4
2463,11345,South Sudan,2,2021,1,3,4
2464,11346,Libya,2,2011,2,4,4
2465,11346,Libya,2,2013,1,3,4
2466,11346,Libya,2,2014,1,3,4
2467,11346,Libya,2,2015,1,3,4
2468,11346,Libya,2,2017,1,3,4
2469,11346,Libya,2,2019,2,4,4
2470,11346,Libya,2,2020,1,4,4
2471,11347,Mali,2,2009,1,3,4
2472,11347,Mali,2,2012,1,3,4
2473,11348,"South Sudan, Sudan",1,2012,1,2,4
2474,11349,China,1,2008,1,3,3
2475,11350,Bangladesh,2,2005,1,3,3
2476,11350,Bangladesh,2,2006,1,3,3
2477,11447,Ethiopia,1,1991,1,3,4
2478,11475,Myanmar (Burma),1,1991,1,3,3
2479,11475,Myanmar (Burma),1,1995,1,3,3
2480,11475,Myanmar (Burma),1,2000,1,3,3
2481,11475,Myanmar (Burma),1,2001,1,3,3
2482,11475,Myanmar (Burma),1,2005,1,3,3
2483,11475,Myanmar (Burma),1,2006,1,3,3
2484,11475,Myanmar (Burma),1,2007,1,3,3
2485,11347,Mali,2,2013,1,4,4
2486,11347,Mali,2,2014,1,4,4
2487,11487,Malaysia,1,2013,1,3,3
2488,11884,Hyderabad,2,1947,2,3,3
2489,11884,Hyderabad,2,1948,2,3,3
2490,13042,Syria,1,2012,1,3,2
2491,13042,Syria,1,2013,1,3,2
2492,13042,Syria,1,2014,1,3,2
2493,13042,Syria,1,2015,1,3,2
2494,13219,Ukraine,2,2014,1,3,1
2495,13243,"Russia (Soviet Union), Ukraine",3,2022,2,2,1
2496,13243,"Russia (Soviet Union), Ukraine",3,2023,2,2,1
2497,13246,Ukraine,1,2014,2,4,1
2498,11347,Mali,2,2015,1,4,4
2499,11347,Mali,2,2016,1,4,4
2500,13247,Ukraine,1,2014,2,4,1
2501,13306,Ukraine,1,2014,2,4,1
2502,13306,Ukraine,1,2016,1,4,1
2503,11347,Mali,2,2017,1,4,4
2504,11347,Mali,2,2018,1,4,4
2505,13306,Ukraine,1,2017,1,4,1
2506,13306,Ukraine,1,2018,1,4,1
2507,11347,Mali,2,2019,1,4,4
2508,11347,Mali,2,2020,1,4,4
2509,13306,Ukraine,1,2019,1,4,1
2510,11347,Mali,2,2021,1,4,4
2511,11347,Mali,2,2022,2,4,4
2512,13306,Ukraine,1,2020,1,4,1
2513,13306,Ukraine,1,2021,1,4,1
2514,11347,Mali,2,2023,1,4,4
2515,13306,Ukraine,1,2015,2,4,1
2516,13306,Ukraine,1,2022,1,4,1
2517,13324,"Kyrgyzstan, Tajikistan",1,2021,1,2,3
2518,13324,"Kyrgyzstan, Tajikistan",1,2022,1,2,3
2519,13588,Russia (Soviet Union),1,2015,1,3,1
2520,13588,Russia (Soviet Union),1,2016,1,3,1
2521,13588,Russia (Soviet Union),1,2017,1,3,1
2522,13588,Russia (Soviet Union),1,2018,1,3,1
2523,13588,Russia (Soviet Union),1,2019,1,3,1
2524,13588,Russia (Soviet Union),1,2020,1,3,1
2525,13604,Syria,1,2013,2,3,2
2526,13604,Syria,1,2014,2,3,2
2527,13604,Syria,1,2015,2,4,2
2528,13604,Syria,1,2016,2,4,2
2529,13604,Syria,1,2017,2,4,2
2530,13604,Syria,1,2018,2,4,2
2531,13604,Syria,1,2019,1,4,2
2532,13604,Syria,1,2020,2,4,2
2533,13604,Syria,1,2021,1,4,2
2534,13604,Syria,1,2022,1,4,2
2535,13604,Syria,1,2023,1,4,2
2536,13611,Mali,1,2015,1,3,4
2537,13637,Afghanistan,1,2015,1,4,3
2538,13637,Afghanistan,1,2016,2,4,3
2539,13637,Afghanistan,1,2017,2,4,3
2540,13637,Afghanistan,1,2018,2,4,3
2541,13637,Afghanistan,1,2019,2,4,3
2542,13637,Afghanistan,1,2020,1,4,3
2543,13637,Afghanistan,1,2021,1,4,3
2544,13637,Afghanistan,1,2022,1,3,3
2545,13637,Afghanistan,1,2023,1,3,3
2546,13638,Cameroon,1,2015,1,4,4
2547,13638,Cameroon,1,2016,1,3,4
2548,13638,Cameroon,1,2019,1,4,4
2549,13638,Cameroon,1,2021,1,4,4
2550,13638,Cameroon,1,2023,1,3,4
2551,13639,Niger,1,2015,1,4,4
2552,13639,Niger,1,2016,1,4,4
2553,13639,Niger,1,2017,1,4,4
2554,13639,Niger,1,2018,1,4,4
2555,13639,Niger,1,2019,1,4,4
2556,13639,Niger,1,2020,1,4,4
2557,13639,Niger,1,2021,1,4,4
2558,13639,Niger,1,2022,1,4,4
2559,13639,Niger,1,2023,1,4,4
2560,13640,Chad,1,2015,1,3,4
2561,13640,Chad,1,2017,1,3,4
2562,13640,Chad,1,2018,1,3,4
2563,13640,Chad,1,2019,1,3,4
2564,13640,Chad,1,2020,1,3,4
2565,13640,Chad,1,2021,1,3,4
2566,13640,Chad,1,2022,1,3,4
2567,13641,Nigeria,1,2015,2,4,4
2568,13641,Nigeria,1,2016,2,4,4
2569,13641,Nigeria,1,2017,1,4,4
2570,13641,Nigeria,1,2018,1,4,4
2571,13641,Nigeria,1,2023,2,4,4
2572,13645,Yemen (North Yemen),1,2015,1,3,2
2573,13645,Yemen (North Yemen),1,2017,1,3,2
2574,13645,Yemen (North Yemen),1,2020,1,3,2
2575,13641,Nigeria,1,2019,2,4,4
2576,13641,Nigeria,1,2020,2,4,4
2577,13641,Nigeria,1,2021,2,4,4
2578,13641,Nigeria,1,2022,2,4,4
2579,13646,Kenya,1,2015,1,3,4
2580,13646,Kenya,1,2016,1,3,4
2581,13646,Kenya,1,2017,1,3,4
2582,13646,Kenya,1,2018,1,3,4
2583,13646,Kenya,1,2019,1,4,4
2584,13646,Kenya,1,2020,1,4,4
2585,13646,Kenya,1,2021,1,4,4
2586,13646,Kenya,1,2022,1,3,4
2587,13646,Kenya,1,2023,1,3,4
2588,13648,Egypt,1,2015,1,3,2
2589,13648,Egypt,1,2016,1,3,2
2590,13648,Egypt,1,2017,1,3,2
2591,13648,Egypt,1,2018,1,3,2
2592,13648,Egypt,1,2019,1,3,2
2593,13648,Egypt,1,2020,1,3,2
2594,13648,Egypt,1,2021,1,3,2
2595,13648,Egypt,1,2022,1,3,2
2596,13653,India,1,2015,1,3,3
2597,13653,India,1,2016,1,3,3
2598,13653,India,1,2017,1,3,3
2599,13653,India,1,2018,1,3,3
2600,13674,Bangladesh,1,2016,1,3,3
2601,13674,Bangladesh,1,2017,1,3,3
2602,13675,Lebanon,1,2014,1,3,2
2603,13675,Lebanon,1,2015,1,3,2
2604,13675,Lebanon,1,2017,1,3,2
2605,13692,"Afghanistan, United Kingdom, United States of America",2,2001,2,2,"1, 3, 5"
2606,13694,Libya,1,2015,1,3,4
2607,13694,Libya,1,2016,2,4,4
2608,13694,Libya,1,2017,1,4,4
2609,13694,Libya,1,2018,1,4,4
2610,13694,Libya,1,2019,1,4,4
2611,13721,Algeria,1,2015,1,3,4
2612,13809,Syria,3,2016,1,3,2
2613,13809,Syria,3,2018,1,3,2
2614,13809,Syria,3,2023,1,3,2
2615,13840,Burkina Faso,1,2019,1,4,4
2616,13840,Burkina Faso,1,2020,1,4,4
2617,13840,Burkina Faso,1,2021,1,4,4
2618,13840,Burkina Faso,1,2022,1,4,4
2619,13840,Burkina Faso,1,2023,1,3,4
2620,13886,Jordan,1,2016,1,3,2
2621,13902,Turkey,1,2015,1,3,2
2622,13902,Turkey,1,2016,2,3,2
2623,13902,Turkey,1,2017,1,3,2
2624,13936,Pakistan,1,2016,1,3,3
2625,13936,Pakistan,1,2017,1,3,3
2626,13936,Pakistan,1,2018,1,3,3
2627,13936,Pakistan,1,2019,1,3,3
2628,13936,Pakistan,1,2021,1,3,3
2629,13936,Pakistan,1,2022,1,3,3
2630,13936,Pakistan,1,2023,1,3,3
2631,14074,Somalia,1,2018,1,3,4
2632,14113,Mali,1,2017,1,4,4
2633,14129,Cameroon,1,2017,1,3,4
2634,14129,Cameroon,1,2018,1,3,4
2635,14129,Cameroon,1,2019,1,3,4
2636,14129,Cameroon,1,2020,1,3,4
2637,14129,Cameroon,1,2021,1,3,4
2638,14129,Cameroon,1,2022,1,3,4
2639,14129,Cameroon,1,2023,1,3,4
2640,14197,Somalia,1,2019,1,4,4
2641,14113,Mali,1,2018,1,4,4
2642,14113,Mali,1,2019,1,4,4
2643,14197,Somalia,1,2020,1,4,4
2644,14197,Somalia,1,2021,1,4,4
2645,14113,Mali,1,2020,1,4,4
2646,14113,Mali,1,2021,1,4,4
2647,14268,Iran,1,2017,1,3,2
2648,14113,Mali,1,2022,1,4,4
2649,14113,Mali,1,2023,1,4,4
2650,14275,Philippines,1,2016,1,3,3
2651,14275,Philippines,1,2017,2,3,3
2652,14275,Philippines,1,2018,1,3,3
2653,14275,Philippines,1,2019,1,3,3
2654,14275,Philippines,1,2020,1,3,3
2655,14275,Philippines,1,2021,1,3,3
2656,14275,Philippines,1,2022,1,3,3
2657,14275,Philippines,1,2023,1,3,3
2658,14333,Tunisia,1,2016,1,3,4
2659,14609,"Iran, Israel",2,2018,1,2,2
2660,14609,"Iran, Israel",2,2019,1,2,2
2661,14609,"Iran, Israel",2,2020,1,2,2
2662,14609,"Iran, Israel",2,2021,1,2,2
2663,14609,"Iran, Israel",2,2022,1,2,2
2664,14609,"Iran, Israel",2,2023,1,2,2
2665,14692,DR Congo (Zaire),1,2017,1,4,4
2666,14692,DR Congo (Zaire),1,2018,1,4,4
2667,14692,DR Congo (Zaire),1,2019,1,4,4
2668,14692,DR Congo (Zaire),1,2020,1,4,4
2669,14692,DR Congo (Zaire),1,2021,1,4,4
2670,14692,DR Congo (Zaire),1,2022,1,4,4
2671,14845,Mozambique,1,2019,1,3,4
2672,14845,Mozambique,1,2020,1,3,4
2673,14935,Ethiopia,1,2019,1,3,4
2674,15183,Tanzania,1,2020,1,3,4
2675,14692,DR Congo (Zaire),1,2023,1,4,4
2676,14845,Mozambique,1,2021,1,4,4
2677,14845,Mozambique,1,2022,1,4,4
2678,14845,Mozambique,1,2023,1,4,4
2679,15256,Benin,2,2022,1,3,4
2680,15256,Benin,2,2023,1,3,4
2681,15283,Central African Republic,1,2015,1,4,4
2682,15283,Central African Republic,1,2023,1,4,4
2683,15438,Uganda,1,2022,1,3,4
2684,16038,Mali,3,2023,1,3,4
2685,16069,Ethiopia,3,2023,2,3,4
